Company,Location,CKod
01,L001,120.001
01,L001,120.002
01,L001,120.003
01,L001,120.004
01,L001,120.005
01,L001,120.006
01,L001,120.007
01,L001,120.008
01,L001,120.009
01,L001,120.010
01,L001,120.011
01,L001,120.012
01,L001,120.013
01,L001,120.014
01,L001,120.015
01,L001,120.016
01,L001,120.017
01,L001,120.018
01,L001,120.019
01,L001,120.020
01,L001,120.021
01,L001,120.022
01,L001,120.023
01,L001,120.024
01,L001,120.025
01,L001,120.026
01,L001,120.027
01,L001,120.028
01,L001,120.029
01,L001,120.030
01,L001,120.031
01,L001,120.032
01,L001,120.033
01,L001,120.034
01,L001,120.035
01,L001,120.036
01,L001,120.037
01,L001,120.038
01,L001,120.039
01,L001,120.040
01,L001,120.041
01,L001,120.042
01,L001,120.043
01,L001,120.044
01,L001,120.045
01,L001,120.046
01,L001,120.047
01,L001,120.048
01,L001,120.049
01,L001,120.050
01,L001,120.051
01,L001,120.052
01,L001,120.053
01,L001,120.054
01,L001,120.055
01,L001,120.056
01,L001,120.057
01,L001,120.058
01,L001,120.059
01,L001,120.060
01,L001,120.061
01,L001,120.062
01,L001,120.063
01,L001,120.064
01,L001,120.065
01,L001,120.066
01,L001,120.067
01,L001,120.068
01,L001,120.069
01,L001,120.070
01,L001,120.071
01,L001,120.072
01,L001,120.073
01,L001,120.074
01,L001,120.075
01,L001,120.076
01,L001,120.077
01,L001,120.078
01,L001,120.079
01,L001,120.080
01,L001,120.081
01,L001,120.082
01,L001,120.083
01,L001,120.084
01,L001,120.085
01,L001,120.086
01,L001,120.087
01,L001,120.088
01,L001,120.089
01,L001,120.090
01,L001,120.091
01,L001,120.092
01,L001,120.093
01,L001,120.094
01,L001,120.095
01,L001,120.096
01,L001,120.097
01,L001,120.098
01,L001,120.099
01,L001,120.100
01,L001,120.101
01,L001,120.102
01,L001,120.103
01,L001,120.104
01,L001,120.105
01,L001,120.106
01,L001,120.107
01,L001,120.108
01,L001,120.109
01,L001,120.110
01,L001,120.111
01,L001,120.112
01,L001,120.113
01,L001,120.114
01,L001,120.115
01,L001,120.116
01,L001,120.117
01,L001,120.118
01,L001,120.119
01,L001,120.120
01,L001,120.121
01,L001,120.122
01,L001,120.123
01,L001,120.124
01,L001,120.125
01,L001,120.126
01,L001,120.127
01,L001,120.128
01,L001,120.129
01,L001,120.130
01,L001,120.131
01,L001,120.132
01,L001,120.133
01,L001,120.134
01,L001,120.135
01,L001,120.136
01,L001,120.137
01,L001,120.138
01,L001,120.139
01,L001,120.140
01,L001,120.141
01,L001,120.142
01,L001,120.143
01,L001,120.144
01,L001,120.145
01,L001,120.146
01,L001,120.147
01,L001,120.148
01,L001,120.149
01,L001,120.150
01,L001,120.151
01,L001,120.152
01,L001,120.153
01,L001,120.154
01,L001,120.155
01,L001,120.156
01,L001,120.157
01,L001,120.158
01,L001,120.159
01,L001,120.160
01,L001,120.161
01,L001,120.162
01,L001,120.163
01,L001,120.164
01,L001,120.165
01,L001,120.166
01,L001,120.167
01,L001,120.168
01,L001,120.169
01,L001,120.170
01,L001,120.171
01,L001,120.172
01,L001,120.173
01,L001,120.174
01,L001,120.175
01,L001,120.176
01,L001,120.177
01,L001,120.178
01,L001,120.179
01,L001,120.180
01,L001,120.181
01,L001,120.182
01,L001,120.183
01,L001,120.184 
01,L001,120.185
01,L001,120.186
01,L001,120.187
01,L001,120.188
01,L001,120.189
01,L001,120.190
01,L001,120.191
01,L001,120.192
01,L001,120.193
01,L001,120.194
01,L001,120.195
01,L001,120.196
01,L001,120.197
01,L001,120.198
01,L001,120.199
01,L001,120.200
01,L001,120.201
01,L001,120.202
01,L001,120.203
01,L001,120.204
01,L001,120.205
01,L001,120.206
01,L001,320.001
01,L001,320.002
01,L001,320.003
01,L001,320.004
01,L001,320.005
01,L001,320.006
01,L001,320.007
01,L001,320.008
01,L001,320.009
01,L001,320.010
01,L001,320.011
01,L001,320.012
01,L001,320.013
01,L001,320.014
01,L001,320.015
01,L001,320.016
01,L001,320.017
01,L001,320.018
01,L001,320.019
01,L001,320.020
01,L001,320.021
01,L001,320.022
01,L001,320.023
01,L001,320.024
01,L001,320.025
01,L001,320.026
01,L001,320.027
01,L001,320.028
01,L001,320.029
01,L001,320.030
01,L001,320.031
01,L001,320.032
01,L001,320.033
01,L001,320.034
01,L001,320.035
01,L001,320.036
01,L001,320.038
01,L001,320.039
01,L001,320.040
01,L001,320.041
01,L001,320.042
01,L001,320.043
01,L001,320.044
01,L001,320.045
01,L001,320.046
01,L001,320.047
01,L001,320.048
01,L001,320.049
01,L001,320.050
01,L001,320.051
01,L001,320.052
01,L001,320.053
01,L001,320.054
01,L001,320.055
01,L001,320.056
01,L001,320.057
01,L001,320.058
01,L001,320.059
01,L001,320.060
01,L001,320.061
01,L001,320.062
01,L001,320.063
01,L001,320.064
01,L001,320.065
01,L001,320.066
01,L001,320.067
01,L001,320.068
01,L001,320.069
01,L001,320.070
01,L001,320.071
01,L001,320.072
01,L001,320.073
01,L001,320.074
01,L001,320.075
01,L001,320.076
01,L001,320.077
01,L001,320.078
01,L001,320.079
01,L001,320.080
01,L001,320.081
01,L001,320.082
01,L001,320.083
01,L001,320.084
01,L001,320.085
01,L001,320.086
01,L001,320.087
01,L001,320.088
01,L001,320.089
01,L001,320.090
01,L001,320.091
01,L001,320.092
01,L001,320.093
01,L001,320.094
01,L001,320.095
01,L001,320.096
01,L001,320.097
01,L001,320.098
01,L001,320.099
01,L001,320.100
01,L001,320.101
01,L001,320.102
01,L001,320.103
01,L001,320.104
01,L001,320.105
01,L001,320.106
01,L001,320.107
01,L001,320.108
01,L001,320.109
01,L001,320.110
01,L001,320.111
01,L001,320.112
01,L001,320.113
01,L001,320.114
01,L001,320.115
01,L001,320.116
01,L001,320.117
01,L001,320.118
01,L001,320.119
01,L001,320.120
01,L001,320.121
01,L001,320.122
01,L001,320.123
01,L001,320.124
01,L001,320.125
01,L001,320.126
01,L001,320.127
01,L001,320.128
01,L001,320.129
01,L001,320.130
01,L001,320.131
01,L001,320.132
01,L001,320.133
01,L001,320.134
01,L001,320.135
01,L001,320.136
01,L001,320.137
01,L001,320.138
01,L001,320.139
01,L001,320.140
01,L001,320.141
01,L001,320.142
01,L001,320.143
01,L001,320.144
01,L001,320.145
01,L001,320.146
01,L001,320.147
01,L001,M-001
01,L001,TBN-001
01,L001,TKNK- 001
01,L001,TKNK- 002
01,L001,YS- 002
01,L001,YS- 003
01,L001,YS-001
