SKOD,RKOD,BedKod,GTip,kgid,insUN,insDT,insApp,updUN,updDT,updApp
LN1RCNG355,0,0,640299980000,712,,,,,,
LNRCN104,0,0,640359500011,2,,,,,,
LNRCN117,0,0,640359500011,3,,,,,,
LNRCN133,0,0,640200000000,4,,,,,,
LNRCN134,0,0,640200000000,5,,,,,,
LNRCN149,0,0,640200000000,6,,,,,,
LNRCN176,0,0,640200000000,7,,,,,,
LNRCN192,0,0,640359500011,8,,,,,,
LNRCN197,0,0,640200000000,9,,,,,,
LNRCN1KKYS06,0,0,640419900011,10,,,,,,
LNRCN206,0,0,640359500011,11,,,,,,
LNRCN209,0,0,640200000000,12,,,,,,
LNRCN219,0,0,640200000000,13,,,,,,
LNRCN232,0,0,640359500011,14,,,,,,
LNRCN347,0,0,640200000000,15,,,,,,
LNRCN350,0,0,640200000000,16,,,,,,
LNRCN364,0,0,640419900011,17,,,,,,
LNRCN366,0,0,640200000000,18,,,,,,
LNRCN369,0,0,640200000000,19,,,,,,
LNRCN373,0,0,640200000000,20,,,,,,
LNRCN383,0,0,611420000000,21,,,,,,
LNRCN397,0,0,640359500011,22,,,,,,
LNRCN403,0,0,640200000000,23,,,,,,
LNRCN404,0,0,640299960000,768,,,,,,
LNRCN420,0,0,640200000000,24,,,,,,
LNRCN421,0,0,640359500011,25,,,,,,
LNRCN425,0,0,640359500011,26,,,,,,
LNRCN444,0,0,640359500011,27,,,,,,
LNRCN447,0,0,640200000000,28,,,,,,
LNRCN453,0,0,640200000000,29,,,,,,
LNRCN464,0,0,640200000000,30,,,,,,
LNRCN481,0,0,640359500011,31,,,,,,
LNRCN536,0,0,611420000000,32,,,,,,
LNRCN542,0,0,640200000000,33,,,,,,
LNRCN560,0,0,640200000000,34,,,,,,
LNRCN562,0,0,640291900000,754,,,,,,
LNRCN572,0,0,611420000000,35,,,,,,
LNRCN575,0,0,611420000000,36,,,,,,
LNRCN576,0,0,640299960000,770,,,,,,
LNRCN581,0,0,640419900011,37,,,,,,
LNRCN585,0,0,640200000000,38,,,,,,
LNRCN638,0,0,640200000000,39,,,,,,
LNRCN658,0,0,640200000000,40,,,,,,
LNRCN675,0,0,640200000000,41,,,,,,
LNRCN682,0,0,640359500011,42,,,,,,
LNRCN689,0,0,640359500011,43,,,,,,
LNRCN695,0,0,611420000000,44,,,,,,
LNRCN699,0,0,640200000000,45,,,,,,
LNRCN720,0,0,640200000000,46,,,,,,
LNRCN726,0,0,640200000000,47,,,,,,
LNRCN730,0,0,640200000000,48,,,,,,
LNRCN756,0,0,640200000000,49,,,,,,
LNRCN801,0,0,640200000000,50,,,,,,
LNRCN808,0,0,640200000000,51,,,,,,
LNRCN814,0,0,640200000000,52,,,,,,
LNRCN824,0,0,640200000000,53,,,,,,
LNRCN828,0,0,640200000000,54,,,,,,
LNRCN955,0,0,640200000000,55,,,,,,
LNRCN957,0,0,640200000000,56,,,,,,
LNRCN958,0,0,640200000000,57,,,,,,
LNRCNACT083,0,0,640411000000,58,,,,,,
LNRCNACT10,0,0,611420000000,59,,,,,,
LNRCNACT34,0,0,640299980000,697,,,,,,
LNRCNACT56,0,0,640411000000,60,,,,,,
LNRCNACT68,0,0,210690980019,735,,,,,,
LNRCNACT72,0,0,640419900011,783,,,,,,
LNRCNACT93,0,0,640419900011,61,,,,,,
LNRCNACT94,0,0,640200000000,62,,,,,,
LNRCNALM123,0,0,611420000000,63,,,,,,
LNRCNALM133,0,0,611420000000,64,,,,,,
LNRCNALM135,0,0,611420000000,65,,,,,,
LNRCNAVS801,0,0,640419900011,785,,,,,,
LNRCNAVS802,0,0,670411000000,66,,,,,,
LNRCNAVS811,0,0,670411000000,67,,,,,,
LNRCNAVS815,0,0,670411000000,68,,,,,,
LNRCNBSA553,0,0,611420000000,69,,,,,,
LNRCNBWD7260,0,0,640200000000,70,,,,,,
LNRCNCNT131,0,0,640200000000,71,,,,,,
LNRCNCNT157,0,0,640200000000,72,,,,,,
LNRCNCNT157A,0,0,640200000000,73,,,,,,
LNRCNCNT166,0,0,640200000000,74,,,,,,
LNRCNCNT344,0,0,640200000000,75,,,,,,
LNRCNCNT461,0,0,640200000000,76,,,,,,
LNRCNCNT526,0,0,640200000000,77,,,,,,
LNRCNCNT538,0,0,611420000000,78,,,,,,
LNRCNCNT682,0,0,640359500011,79,,,,,,
LNRCNCNT687,0,0,640200000000,80,,,,,,
LNRCNCNT702,0,0,640200000000,81,,,,,,
LNRCNCNT896,0,0,640200000000,82,,,,,,
LNRCNCNT961,0,0,640200000000,83,,,,,,
LNRCND102,0,0,640411000000,84,,,,,,
LNRCND1650,0,0,611420000000,85,,,,,,
LNRCND1680,0,0,640419900011,782,,,,,,
LNRCND5052,0,0,640200000000,86,,,,,,
LNRCNDC114,0,0,611595000000,87,,,,,,
LNRCNDC115,0,0,611595000000,88,,,,,,
LNRCNDC116,0,0,640200000000,89,,,,,,
LNRCNDKS2001,0,0,640200000000,90,,,,,,
LNRCNDKS2003,0,0,640200000000,91,,,,,,
LNRCNDKS23,0,0,640200000000,92,,,,,,
LNRCNDPF140,0,0,611420000000,93,,,,,,
LNRCNDPF141,0,0,611420000000,94,,,,,,
LNRCNDPF142,0,0,611420000000,95,,,,,,
LNRCNDPF146,0,0,611420000000,96,,,,,,
LNRCNDPF148,0,0,611420000000,97,,,,,,
LNRCNDPF151,0,0,611420000000,98,,,,,,
LNRCNDPF152,0,0,611420000000,99,,,,,,
LNRCNDPF153,0,0,611420000000,100,,,,,,
LNRCNDPF156,0,0,611420000000,101,,,,,,
LNRCNDPF158,0,0,611420000000,102,,,,,,
LNRCNDPF159,0,0,611420000000,103,,,,,,
LNRCNDPF160,0,0,611420000000,104,,,,,,
LNRCNDRG1180,0,0,611595000000,105,,,,,,
LNRCNES22,0,0,640200000000,106,,,,,,
LNRCNFLP15,0,0,640200000000,107,,,,,,
LNRCNG355,0,0,640411000000,108,,,,,,
LNRCNG370,0,0,640200000000,109,,,,,,
LNRCNG375,0,0,640200000000,110,,,,,,
LNRCNG430,0,0,640200000000,111,,,,,,
LNRCNG601,0,0,611420000000,112,,,,,,
LNRCNG602,0,0,611420000000,113,,,,,,
LNRCNG6411,0,0,670411000000,114,,,,,,
LNRCNG7600,0,0,640200000000,115,,,,,,
LNRCNG7640,0,0,670411000000,116,,,,,,
LNRCNG7645,0,0,670411000000,117,,,,,,
LNRCNG8020,0,0,611420000000,118,,,,,,
LNRCNG8030,0,0,611420000000,119,,,,,,
LNRCNG8055,0,0,611420000000,120,,,,,,
LNRCNG8060,0,0,611420000000,121,,,,,,
LNRCNG8070,0,0,611420000000,122,,,,,,
LNRCNG820,0,0,670411000000,123,,,,,,
LNRCNGLS2015,0,0,640200000000,124,,,,,,
LNRCNGLS304,0,0,640411000000,125,,,,,,
LNRCNGLSMARCO,0,0,640200000000,126,,,,,,
LNRCNGX04,0,0,640411000000,127,,,,,,
LNRCNGX2030,0,0,640200000000,128,,,,,,
LNRCNGX2040,0,0,640200000000,129,,,,,,
LNRCNJGPSORLOTH,0,0,640200000000,130,,,,,,
LNRCNKB100,0,0,670411000000,131,,,,,,
LNRCNKB110,0,0,640419900011,132,,,,,,
LNRCNKB1110,0,0,611420000000,133,,,,,,
LNRCNKB112,0,0,611420000000,134,,,,,,
LNRCNKB1120,0,0,611420000000,135,,,,,,
LNRCNKB113,0,0,611420000000,136,,,,,,
LNRCNKB116,0,0,670411000000,137,,,,,,
LNRCNKB120,0,0,670411000000,138,,,,,,
LNRCNKB140,0,0,640400000000,139,,,,,,
LNRCNKB1460,0,0,611420000000,140,,,,,,
LNRCNKB150,0,0,670411000000,141,,,,,,
LNRCNKB160,0,0,670411000000,142,,,,,,
LNRCNKB180,0,0,670411000000,143,,,,,,
LNRCNKB190,0,0,670411000000,144,,,,,,
LNRCNKB200,0,0,670411000000,145,,,,,,
LNRCNKB220,0,0,670411000000,146,,,,,,
LNRCNKB240,0,0,611420000000,147,,,,,,
LNRCNKB460,0,0,611420000000,148,,,,,,
LNRCNKB470,0,0,640291900000,765,,,,,,
LNRCNKB475,0,0,670411000000,149,,,,,,
LNRCNKB480,0,0,670411000000,150,,,,,,
LNRCNKB490,0,0,670411000000,151,,,,,,
LNRCNKB495,0,0,670411000000,152,,,,,,
LNRCNKB500,0,0,640419900012,787,,,,,,
LNRCNKB560,0,0,611420000000,153,,,,,,
LNRCNKB60,0,0,640419900011,786,,,,,,
LNRCNKB61,0,0,611420000000,154,,,,,,
LNRCNKB640,0,0,611420000000,155,,,,,,
LNRCNKB70,0,0,611420000000,156,,,,,,
LNRCNKB71,0,0,611420000000,157,,,,,,
LNRCNKB7101,0,0,611420000000,158,,,,,,
LNRCNKB80,0,0,611420000000,159,,,,,,
LNRCNKB90,0,0,611420000000,160,,,,,,
LNRCNKBL801,0,0,640400000000,161,,,,,,
LNRCNKBL808,0,0,640400000000,162,,,,,,
LNRCNKBL811,0,0,640400000000,163,,,,,,
LNRCNKBL902,0,0,640359500011,164,,,,,,
LNRCNKBL903,0,0,640359500011,165,,,,,,
LNRCNKBL909,0,0,640359500011,166,,,,,,
LNRCNKC300,0,0,670411000000,167,,,,,,
LNRCNKC301,0,0,670411000000,168,,,,,,
LNRCNKC400,0,0,670411000000,169,,,,,,
LNRCNKC402,0,0,670411000000,170,,,,,,
LNRCNKCD106,0,0,640359500011,171,,,,,,
LNRCNKCD109,0,0,640299980000,172,,,,,,
LNRCNKCD110,0,0,611420000000,729,,,,,,
LNRCNKCD4800,0,0,640400000000,173,,,,,,
LNRCNKCD5000,0,0,611420000000,174,,,,,,
LNRCNKCD5001,0,0,611420000000,175,,,,,,
LNRCNKCD5003,0,0,611420000000,176,,,,,,
LNRCNKCD5200,0,0,640400000000,177,,,,,,
LNRCNKCS050,0,0,640359500011,178,,,,,,
LNRCNKCS1000,0,0,640400000000,179,,,,,,
LNRCNKCS1441,0,0,640359500011,180,,,,,,
LNRCNKCS1451,0,0,640359500011,181,,,,,,
LNRCNKCS1701,0,0,611420000000,182,,,,,,
LNRCNKCS1741,0,0,611420000000,183,,,,,,
LNRCNKCS394,0,0,640359500011,184,,,,,,
LNRCNKCS7620,0,0,640359500011,185,,,,,,
LNRCNKCS7621,0,0,640359500011,186,,,,,,
LNRCNKCS7631,0,0,611420000000,187,,,,,,
LNRCNKCS770,0,0,640359500011,188,,,,,,
LNRCNKCS780,0,0,640359500011,189,,,,,,
LNRCNKCS783,0,0,640359500011,190,,,,,,
LNRCNKCS8000,0,0,611420000000,191,,,,,,
LNRCNKCS815Y,0,0,670411000000,192,,,,,,
LNRCNKCS816S,0,0,640291900000,733,,,,,,
LNRCNKCS8620,0,0,640400000000,194,,,,,,
LNRCNKCS892Y,0,0,670411000000,195,,,,,,
LNRCNKCS893S,0,0,640291900000,732,,,,,,
LNRCNKCS9000,0,0,640359500011,197,,,,,,
LNRCNKD100,0,0,670411000000,198,,,,,,
LNRCNKD140,0,0,670411000000,199,,,,,,
LNRCNKD150,0,0,670411000000,200,,,,,,
LNRCNKD160,0,0,670411000000,201,,,,,,
LNRCNKD170,0,0,670411000000,202,,,,,,
LNRCNKD180,0,0,670411000000,203,,,,,,
LNRCNKD2021,0,0,640400000000,204,,,,,,
LNRCNKD2023,0,0,670411000000,205,,,,,,
LNRCNKD2071,0,0,640400000000,206,,,,,,
LNRCNKD303,0,0,611420000000,207,,,,,,
LNRCNKD5001,0,0,611420000000,208,,,,,,
LNRCNKD601,0,0,640419900011,209,,,,,,
LNRCNKD777,0,0,640299980000,734,,,,,,
LNRCNKD801,0,0,640299980000,730,,,,,,
LNRCNKD901,0,0,611420000000,211,,,,,,
LNRCNKDM501,0,0,640400000000,212,,,,,,
LNRCNKDM503,0,0,611420000000,213,,,,,,
LNRCNKDM593,0,0,640400000000,214,,,,,,
LNRCNKEP151,0,0,611420000000,215,,,,,,
LNRCNKEP400,0,0,611420000000,216,,,,,,
LNRCNKEP401,0,0,611420000000,217,,,,,,
LNRCNKEP428,0,0,611420000000,218,,,,,,
LNRCNKEP435,0,0,611420000000,219,,,,,,
LNRCNKEP440,0,0,611420000000,220,,,,,,
LNRCNKEP441,0,0,611420000000,221,,,,,,
LNRCNKEP500,0,0,611420000000,222,,,,,,
LNRCNKERT1455,0,0,640291900000,692,,,,,,
LNRCNKERT1470,0,0,640291900000,694,,,,,,
LNRCNKERT401,0,0,640291900000,741,,,,,,
LNRCNKETL1001,0,0,640299980000,774,,,,,,
LNRCNKETL1009,0,0,640299980000,775,,,,,,
LNRCNKETL451,0,0,670411000000,223,,,,,,
LNRCNKETL454,0,0,670411000000,224,,,,,,
LNRCNKETL501,0,0,670411000000,225,,,,,,
LNRCNKETL502,0,0,670411000000,226,,,,,,
LNRCNKETL504,0,0,640291900000,762,,,,,,
LNRCNKETL505,0,0,670411000000,227,,,,,,
LNRCNKETL506,0,0,640200000000,228,,,,,,
LNRCNKETL507,0,0,640200000000,229,,,,,,
LNRCNKETL509,0,0,640200000000,230,,,,,,
LNRCNKETL510,0,0,640291900000,763,,,,,,
LNRCNKETL634,0,0,670411000000,231,,,,,,
LNRCNKETL818,0,0,670411000000,232,,,,,,
LNRCNKF081,0,0,640400000000,233,,,,,,
LNRCNKF161,0,0,640400000000,234,,,,,,
LNRCNKFE1001,0,0,640359500011,235,,,,,,
LNRCNKFE1002,0,0,640359500011,236,,,,,,
LNRCNKFE2001,0,0,640359500011,237,,,,,,
LNRCNKFE501,0,0,611420000000,238,,,,,,
LNRCNKFE601,0,0,611420000000,239,,,,,,
LNRCNKFM103,0,0,611420000000,240,,,,,,
LNRCNKFM109,0,0,611420000000,241,,,,,,
LNRCNKFM110,0,0,611420000000,242,,,,,,
LNRCNKFM114,0,0,640359500012,243,,,,,,
LNRCNKFM115,0,0,640359500012,244,,,,,,
LNRCNKFM116,0,0,640359500012,245,,,,,,
LNRCNKFM1903,0,0,640291900000,246,,,,,,
LNRCNKFM1907,0,0,640291900000,750,,,,,,
LNRCNKFM1912,0,0,640291900000,752,,,,,,
LNRCNKFM1914,0,0,640291900000,751,,,,,,
LNRCNKFM1925,0,0,640291900000,742,,,,,,
LNRCNKFM201,0,0,611420000000,247,,,,,,
LNRCNKFM202,0,0,611420000000,248,,,,,,
LNRCNKFM203,0,0,611420000000,249,,,,,,
LNRCNKFM513,0,0,640359500012,250,,,,,,
LNRCNKFM516,0,0,640359500012,251,,,,,,
LNRCNKFM518,0,0,640359500012,252,,,,,,
LNRCNKFM519,0,0,640359500012,253,,,,,,
LNRCNKFM804,0,0,611420000000,254,,,,,,
LNRCNKHC01,0,0,640400000000,255,,,,,,
LNRCNKHC02,0,0,640400000000,256,,,,,,
LNRCNKHC100,0,0,640200000000,257,,,,,,
LNRCNKHC101,0,0,640200000000,258,,,,,,
LNRCNKHC102,0,0,640200000000,259,,,,,,
LNRCNKHC103,0,0,640299980000,779,,,,,,
LNRCNKHC15,0,0,670411000000,260,,,,,,
LNRCNKHR15,0,0,640200000000,261,,,,,,
LNRCNKHR25,0,0,640200000000,262,,,,,,
LNRCNKHR3545,0,0,611420000000,263,,,,,,
LNRCNKHZ056,0,0,611420000000,264,,,,,,
LNRCNKHZ057,0,0,611420000000,265,,,,,,
LNRCNKHZ058,0,0,611420000000,266,,,,,,
LNRCNKHZ059,0,0,611420000000,267,,,,,,
LNRCNKHZ073,0,0,611420000000,268,,,,,,
LNRCNKHZ074,0,0,611420000000,269,,,,,,
LNRCNKHZ077,0,0,670411000000,270,,,,,,
LNRCNKHZ078,0,0,670411000000,271,,,,,,
LNRCNKHZ090,0,0,670411000000,272,,,,,,
LNRCNKHZ091,0,0,640291900000,761,,,,,,
LNRCNKHZ101,0,0,611420000000,273,,,,,,
LNRCNKHZ102,0,0,611420000000,274,,,,,,
LNRCNKHZ103,0,0,611420000000,275,,,,,,
LNRCNKHZ104,0,0,611420000000,276,,,,,,
LNRCNKHZ105,0,0,611420000000,277,,,,,,
LNRCNKK01,0,0,670411000000,278,,,,,,
LNRCNKK0111,0,0,670411000000,279,,,,,,
LNRCNKK02,0,0,670411000000,280,,,,,,
LNRCNKK104,0,0,611420000000,281,,,,,,
LNRCNKK106,0,0,611420000000,282,,,,,,
LNRCNKK1805,0,0,611420000000,283,,,,,,
LNRCNKK1889,0,0,670411000000,284,,,,,,
LNRCNKK1894,0,0,670411000000,285,,,,,,
LNRCNKK1895,0,0,670411000000,286,,,,,,
LNRCNKK1897,0,0,670411000000,287,,,,,,
LNRCNKK207,0,0,640419900011,288,,,,,,
LNRCNKK311,0,0,640351990000,289,,,,,,
LNRCNKK3111,0,0,670411000000,290,,,,,,
LNRCNKK60,0,0,670411000000,291,,,,,,
LNRCNKK61,0,0,670411000000,292,,,,,,
LNRCNKK62,0,0,670411000000,293,,,,,,
LNRCNKK66,0,0,670411000000,294,,,,,,
LNRCNKK841,0,0,670411000000,295,,,,,,
LNRCNKK842,0,0,670411000000,296,,,,,,
LNRCNKKLS01,0,0,611420000000,297,,,,,,
LNRCNKKPSJ335,0,0,640299980000,726,,,,,,
LNRCNKKS07,0,0,640419900011,299,,,,,,
LNRCNKKS700,0,0,640291900000,757,,,,,,
LNRCNKKS81,0,0,640419900011,300,,,,,,
LNRCNKKSP01,0,0,670411000000,301,,,,,,
LNRCNKKSP04,0,0,670411000000,302,,,,,,
LNRCNKKSP110,0,0,611420000000,303,,,,,,
LNRCNKKSP130,0,0,611420000000,304,,,,,,
LNRCNKKSP131,0,0,611420000000,305,,,,,,
LNRCNKKSP144,0,0,611420000000,306,,,,,,
LNRCNKKSP145,0,0,611420000000,307,,,,,,
LNRCNKKSP151,0,0,611420000000,308,,,,,,
LNRCNKKSP160,0,0,611420000000,309,,,,,,
LNRCNKKSP1600,0,0,611420000000,310,,,,,,
LNRCNKKSP1601,0,0,670411000000,311,,,,,,
LNRCNKKSP1602,0,0,670411000000,312,,,,,,
LNRCNKKSP1603,0,0,640419900012,788,,,,,,
LNRCNKKSP1604,0,0,670411000000,313,,,,,,
LNRCNKKSP161,0,0,611420000000,314,,,,,,
LNRCNKKSP168,0,0,611420000000,315,,,,,,
LNRCNKKSP169,0,0,611420000000,316,,,,,,
LNRCNKKSP2024,0,0,611420000000,317,,,,,,
LNRCNKKSP2025,0,0,611420000000,318,,,,,,
LNRCNKKYS03,0,0,640419900011,319,,,,,,
LNRCNKKYS04,0,0,640419900011,320,,,,,,
LNRCNKKYS06,0,0,611420000000,321,,,,,,
LNRCNKLCZ100,0,0,670411000000,322,,,,,,
LNRCNKLCZ101,0,0,611420000000,323,,,,,,
LNRCNKLCZ102,0,0,611420000000,324,,,,,,
LNRCNKLCZ103,0,0,611420000000,325,,,,,,
LNRCNKLCZ104,0,0,611420000000,326,,,,,,
LNRCNKLCZ110,0,0,670411000000,327,,,,,,
LNRCNKLCZ1100,0,0,640200000000,328,,,,,,
LNRCNKLCZ1110,0,0,640200000000,329,,,,,,
LNRCNKLCZ1120,0,0,640200000000,330,,,,,,
LNRCNKLCZ1130,0,0,640200000000,331,,,,,,
LNRCNKLCZ1150,0,0,640200000000,332,,,,,,
LNRCNKLCZ120,0,0,670411000000,333,,,,,,
LNRCNKLCZ1201,0,0,640399050000,334,,,,,,
LNRCNKLCZ130,0,0,670411000000,335,,,,,,
LNRCNKLCZ140,0,0,640399050000,336,,,,,,
LNRCNKLCZ1404,0,0,611420000000,337,,,,,,
LNRCNKLCZ1412,0,0,611420000000,338,,,,,,
LNRCNKLCZ1520,0,0,640299980000,676,,,,,,
LNRCNKLCZ1540,0,0,640299980000,678,,,,,,
LNRCNKLCZ1570,0,0,640299980000,773,,,,,,
LNRCNKLCZ180,0,0,670411000000,339,,,,,,
LNRCNKLCZ1800,0,0,611420000000,340,,,,,,
LNRCNKLCZ1806,0,0,640400000000,341,,,,,,
LNRCNKLCZ1808,0,0,640400000000,342,,,,,,
LNRCNKLCZ1809,0,0,611420000000,343,,,,,,
LNRCNKLCZ1812,0,0,611420000000,344,,,,,,
LNRCNKLCZ1820,0,0,640400000000,345,,,,,,
LNRCNKLCZ190,0,0,670411000000,346,,,,,,
LNRCNKLCZ1900,0,0,640200000000,347,,,,,,
LNRCNKLCZ1901,0,0,640399050000,348,,,,,,
LNRCNKLCZ191,0,0,640299980000,349,,,,,,
LNRCNKLCZ1912,0,0,640299980000,772,,,,,,
LNRCNKLCZ1990,0,0,640299980000,674,,,,,,
LNRCNKLCZ200,0,0,670411000000,350,,,,,,
LNRCNKLCZ2001,0,0,611420000000,351,,,,,,
LNRCNKLCZ210,0,0,611420000000,352,,,,,,
LNRCNKLCZ217,0,0,670411000000,353,,,,,,
LNRCNKLCZ218,0,0,670411000000,354,,,,,,
LNRCNKLCZ2240,0,0,640291900000,673,,,,,,
LNRCNKLCZ2278,0,0,640291900000,739,,,,,,
LNRCNKLCZ230,0,0,670411000000,355,,,,,,
LNRCNKLCZ240,0,0,670411000000,356,,,,,,
LNRCNKLCZ255,0,0,611420000000,357,,,,,,
LNRCNKLCZ265,0,0,611420000000,358,,,,,,
LNRCNKLCZ270,0,0,670411000000,359,,,,,,
LNRCNKLCZ280,0,0,640299390000,360,,,,,,
LNRCNKLCZ3000,0,0,670411000000,361,,,,,,
LNRCNKLCZ3010,0,0,670411000000,362,,,,,,
LNRCNKLCZ3020,0,0,611420000000,363,,,,,,
LNRCNKLCZ303,0,0,640291900000,764,,,,,,
LNRCNKLCZ3030,0,0,611420000000,364,,,,,,
LNRCNKLCZ3310,0,0,640291900000,740,,,,,,
LNRCNKLCZ3315,0,0,640291900000,737,,,,,,
LNRCNKLCZ3330,0,0,640299980000,675,,,,,,
LNRCNKLCZ3333,0,0,640291900000,738,,,,,,
LNRCNKLCZ3340,0,0,640299980000,677,,,,,,
LNRCNKLCZ340,0,0,670411000000,365,,,,,,
LNRCNKLCZ412,0,0,640359500012,366,,,,,,
LNRCNKLCZ416,0,0,611420000000,367,,,,,,
LNRCNKLCZ450,0,0,611420000000,368,,,,,,
LNRCNKLCZ460,0,0,611420000000,369,,,,,,
LNRCNKLCZ500,0,0,640399050000,370,,,,,,
LNRCNKLCZ508,0,0,640400000000,371,,,,,,
LNRCNKLCZ520,0,0,611420000000,372,,,,,,
LNRCNKLCZ5201,0,0,640399050000,373,,,,,,
LNRCNKLCZ535,0,0,611420000000,374,,,,,,
LNRCNKLCZ536,0,0,620520000018,375,,,,,,
LNRCNKLCZ550,0,0,640399050000,376,,,,,,
LNRCNKLCZ560,0,0,640299980000,777,,,,,,
LNRCNKLCZ591,0,0,611420000000,377,,,,,,
LNRCNKLCZ6100,0,0,670411000000,378,,,,,,
LNRCNKLCZ6200,0,0,670411000000,379,,,,,,
LNRCNKLCZ6300,0,0,670411000000,380,,,,,,
LNRCNKLCZ635,0,0,611420000000,381,,,,,,
LNRCNKLCZ6400,0,0,670411000000,382,,,,,,
LNRCNKLCZ644,0,0,611420000000,383,,,,,,
LNRCNKLCZ6500,0,0,670411000000,384,,,,,,
LNRCNKLCZ685,0,0,640299310000,767,,,,,,
LNRCNKLCZ690,0,0,670411000000,385,,,,,,
LNRCNKLCZ694,0,0,640299310000,386,,,,,,
LNRCNKLCZ699,0,0,640359500012,387,,,,,,
LNRCNKLCZ711,0,0,670411000000,388,,,,,,
LNRCNKLCZ715,0,0,611420000000,389,,,,,,
LNRCNKLCZ721,0,0,640299980000,390,,,,,,
LNRCNKLCZ731,0,0,670411000000,391,,,,,,
LNRCNKLCZ740,0,0,611420000000,392,,,,,,
LNRCNKLCZ750,0,0,611420000000,393,,,,,,
LNRCNKLCZ755,0,0,611420000000,394,,,,,,
LNRCNKLCZ760,0,0,611420000000,395,,,,,,
LNRCNKLCZ791,0,0,611420000000,396,,,,,,
LNRCNKLCZ805,0,0,670411000000,397,,,,,,
LNRCNKLCZ806,0,0,611420000000,398,,,,,,
LNRCNKLCZ810,0,0,670411000000,399,,,,,,
LNRCNKLCZ816,0,0,640400000000,400,,,,,,
LNRCNKLCZ900,0,0,670411000000,401,,,,,,
LNRCNKLCZ910,0,0,640200000000,402,,,,,,
LNRCNKLCZ916,0,0,640359500012,403,,,,,,
LNRCNKLCZ920,0,0,640200000000,404,,,,,,
LNRCNKLCZ930,0,0,640359500012,405,,,,,,
LNRCNKLCZ935,0,0,640299980000,406,,,,,,
LNRCNKLCZ940,0,0,640200000000,407,,,,,,
LNRCNKLCZ945,0,0,611420000000,408,,,,,,
LNRCNKLCZ970,0,0,640200000000,409,,,,,,
LNRCNKLME708,0,0,640291900000,723,,,,,,
LNRCNKLME710,0,0,640291900000,711,,,,,,
LNRCNKLME711,0,0,640291900000,688,,,,,,
LNRCNKLME721,0,0,640291900000,710,,,,,,
LNRCNKLME722,0,0,640291900000,686,,,,,,
LNRCNKLME725,0,0,640291900000,725,,,,,,
LNRCNKLME875,0,0,640291900000,707,,,,,,
LNRCNKLME885,0,0,640291900000,709,,,,,,
LNRCNKLME886,0,0,640291900000,708,,,,,,
LNRCNKLME890,0,0,640291900000,724,,,,,,
LNRCNKLME901,0,0,640291900000,722,,,,,,
LNRCNKM104,0,0,670411000000,410,,,,,,
LNRCNKM107,0,0,640200000000,411,,,,,,
LNRCNKM112,0,0,670411000000,412,,,,,,
LNRCNKM189,0,0,611420000000,413,,,,,,
LNRCNKM190,0,0,611420000000,414,,,,,,
LNRCNKM211,0,0,670411000000,415,,,,,,
LNRCNKM212,0,0,670411000000,416,,,,,,
LNRCNKM213,0,0,670411000000,417,,,,,,
LNRCNKM214,0,0,670411000000,418,,,,,,
LNRCNKM255,0,0,611420000000,419,,,,,,
LNRCNKM299,0,0,670411000000,420,,,,,,
LNRCNKM310,0,0,670411000000,421,,,,,,
LNRCNKM339,0,0,611420000000,422,,,,,,
LNRCNKM350,0,0,611420000000,423,,,,,,
LNRCNKM3500,0,0,640200000000,424,,,,,,
LNRCNKM360,0,0,670411000000,425,,,,,,
LNRCNKM370,0,0,611420000000,426,,,,,,
LNRCNKM380,0,0,611420000000,427,,,,,,
LNRCNKM603,0,0,640200000000,428,,,,,,
LNRCNKM853,0,0,640411000000,429,,,,,,
LNRCNKM863,0,0,640411000000,430,,,,,,
LNRCNKM865,0,0,640200000000,431,,,,,,
LNRCNKP501,0,0,640419900011,432,,,,,,
LNRCNKP502,0,0,640419900011,433,,,,,,
LNRCNKP503,0,0,640419900011,434,,,,,,
LNRCNKP504,0,0,640419900011,435,,,,,,
LNRCNKP505,0,0,640419900011,436,,,,,,
LNRCNKPM222,0,0,640400000000,437,,,,,,
LNRCNKPM223,0,0,640400000000,438,,,,,,
LNRCNKPM224,0,0,640400000000,439,,,,,,
LNRCNKPM225,0,0,640400000000,440,,,,,,
LNRCNKPRF1001,0,0,640291900000,749,,,,,,
LNRCNKPRF3000,0,0,640291900000,717,,,,,,
LNRCNKPRF3700,0,0,640291900000,718,,,,,,
LNRCNKPRF5000,0,0,640291900000,716,,,,,,
LNRCNKPRF6000,0,0,640291900000,713,,,,,,
LNRCNKPRF6200,0,0,640291900000,715,,,,,,
LNRCNKPRF7000,0,0,640291900000,714,,,,,,
LNRCNKPSJ333,0,0,640299980000,441,,,,,,
LNRCNKPX2051,0,0,640419900011,731,,,,,,
LNRCNKQN201,0,0,670411000000,443,,,,,,
LNRCNKQN2011,0,0,640299980000,728,,,,,,
LNRCNKQN202,0,0,670411000000,445,,,,,,
LNRCNKQN2350,0,0,611420000000,446,,,,,,
LNRCNKQN2353,0,0,611420000000,447,,,,,,
LNRCNKQN5189,0,0,611420000000,448,,,,,,
LNRCNKQN5191,0,0,611420000000,449,,,,,,
LNRCNKQN6171,0,0,611420000000,450,,,,,,
LNRCNKRM050,0,0,611420000000,451,,,,,,
LNRCNKRM051,0,0,611420000000,452,,,,,,
LNRCNKRM052,0,0,611420000000,453,,,,,,
LNRCNKRM060,0,0,640400000000,454,,,,,,
LNRCNKRNS046,0,0,670411000000,455,,,,,,
LNRCNKRNS064,0,0,670411000000,456,,,,,,
LNRCNKRNS070,0,0,611420000000,457,,,,,,
LNRCNKRNS13500,0,0,670411000000,458,,,,,,
LNRCNKRNS201,0,0,640291900000,756,,,,,,
LNRCNKRNS205,0,0,640291900000,755,,,,,,
LNRCNKRNS355,0,0,611420000000,459,,,,,,
LNRCNKRNS357,0,0,640359500011,460,,,,,,
LNRCNKRNS360,0,0,640419900011,461,,,,,,
LNRCNKRNS375,0,0,611420000000,462,,,,,,
LNRCNKRNS37819,0,0,670411000000,463,,,,,,
LNRCNKRNS380,0,0,640359500011,464,,,,,,
LNRCNKRNS3801,0,0,640359500011,465,,,,,,
LNRCNKRNS390,0,0,611420000000,466,,,,,,
LNRCNKRNS518,0,0,611420000000,467,,,,,,
LNRCNKRNS5197,0,0,640299980000,771,,,,,,
LNRCNKRNS918,0,0,640359500011,468,,,,,,
LNRCNKRNS91873,0,0,670411000000,469,,,,,,
LNRCNKRS035,0,0,640400000000,470,,,,,,
LNRCNKRS04,0,0,640400000000,471,,,,,,
LNRCNKSCS721,0,0,640291900000,706,,,,,,
LNRCNKSM301,0,0,640359500012,472,,,,,,
LNRCNKSM305,0,0,640359500012,473,,,,,,
LNRCNKSM308,0,0,611420000000,474,,,,,,
LNRCNKSM311,0,0,611420000000,475,,,,,,
LNRCNKSM313,0,0,611420000000,476,,,,,,
LNRCNKSM315,0,0,640359500012,477,,,,,,
LNRCNKSM334,0,0,611420000000,478,,,,,,
LNRCNKSM500,0,0,640291900000,687,,,,,,
LNRCNKSM501,0,0,640291900000,690,,,,,,
LNRCNKSM502,0,0,640291900000,693,,,,,,
LNRCNKSM503,0,0,640291900000,691,,,,,,
LNRCNKST101,0,0,640411000000,479,,,,,,
LNRCNKST151,0,0,640411000000,480,,,,,,
LNRCNKST201,0,0,640200000000,481,,,,,,
LNRCNKSTR3021,0,0,640291900000,703,,,,,,
LNRCNKSTR3022,0,0,640291900000,746,,,,,,
LNRCNKSTR3024,0,0,640291900000,747,,,,,,
LNRCNKSTR452,0,0,640291900000,704,,,,,,
LNRCNKSTR492,0,0,640291900000,702,,,,,,
LNRCNKSTR502,0,0,640291900000,689,,,,,,
LNRCNKSTR503,0,0,640291900000,695,,,,,,
LNRCNKSTR513,0,0,640291900000,748,,,,,,
LNRCNKSTR515,0,0,640291900000,698,,,,,,
LNRCNKSTR725,0,0,640291900000,719,,,,,,
LNRCNKSTR730,0,0,640291900000,720,,,,,,
LNRCNKSTR745,0,0,640291900000,696,,,,,,
LNRCNKSTR746,0,0,640291900000,699,,,,,,
LNRCNKSTR777,0,0,640291900000,701,,,,,,
LNRCNKSTR790,0,0,640291900000,700,,,,,,
LNRCNKTDY101,0,0,640291900000,705,,,,,,
LNRCNKTDY103,0,0,640291900000,685,,,,,,
LNRCNKTDY116,0,0,640291900000,682,,,,,,
LNRCNKTDY202,0,0,640291900000,681,,,,,,
LNRCNKTDY205,0,0,640291900000,683,,,,,,
LNRCNKTDY703,0,0,640291900000,680,,,,,,
LNRCNKTDY704,0,0,640291900000,679,,,,,,
LNRCNKVC101,0,0,611420000000,482,,,,,,
LNRCNKVC102,0,0,570339990000,483,,,,,,
LNRCNKVC104,0,0,640299390000,484,,,,,,
LNRCNKVR10,0,0,670411000000,485,,,,,,
LNRCNKVR25,0,0,670411000000,486,,,,,,
LNRCNKVR3007,0,0,611420000000,487,,,,,,
LNRCNKVR3011,0,0,611420000000,488,,,,,,
LNRCNKVR3029,0,0,611420000000,489,,,,,,
LNRCNKVT106,0,0,640359500011,490,,,,,,
LNRCNKVT108,0,0,640299980000,491,,,,,,
LNRCNKVT109,0,0,640299980000,492,,,,,,
LNRCNKVT171,0,0,640359500011,493,,,,,,
LNRCNKVT173,0,0,640299980000,727,,,,,,
LNRCNKVT174,0,0,640299980000,495,,,,,,
LNRCNKVT175,0,0,640359500011,496,,,,,,
LNRCNKVT3000,0,0,670411000000,497,,,,,,
LNRCNKVT345,0,0,640359500011,498,,,,,,
LNRCNKVT348,0,0,640359500011,499,,,,,,
LNRCNKVT349,0,0,640359500011,500,,,,,,
LNRCNKVT364,0,0,640359500011,501,,,,,,
LNRCNKVT365,0,0,640359500011,502,,,,,,
LNRCNKVT369,0,0,640359500011,503,,,,,,
LNRCNKVT371,0,0,640359500011,504,,,,,,
LNRCNKVT380,0,0,640359500011,505,,,,,,
LNRCNKVT381,0,0,640359500011,506,,,,,,
LNRCNKVT390,0,0,640359500011,507,,,,,,
LNRCNKVT5001,0,0,670411000000,508,,,,,,
LNRCNKVT5005,0,0,670411000000,509,,,,,,
LNRCNKVT5006,0,0,670411000000,510,,,,,,
LNRCNKVT5010,0,0,640291900000,753,,,,,,
LNRCNKVT5030,0,0,640299980000,776,,,,,,
LNRCNKVT7001,0,0,670411000000,511,,,,,,
LNRCNKVT8503,0,0,670411000000,512,,,,,,
LNRCNKVT8504,0,0,670411000000,513,,,,,,
LNRCNKVT8511,0,0,670411000000,514,,,,,,
LNRCNKWLC802,0,0,640291900000,684,,,,,,
LNRCNKWLC805,0,0,640291900000,721,,,,,,
LNRCNKYN201,0,0,670411000000,515,,,,,,
LNRCNKYN202,0,0,670411000000,516,,,,,,
LNRCNKYN203,0,0,670411000000,517,,,,,,
LNRCNKYN302,0,0,670411000000,518,,,,,,
LNRCNKYN303,0,0,670411000000,519,,,,,,
LNRCNKYST100,0,0,640299390000,520,,,,,,
LNRCNKYST101,0,0,640359500012,521,,,,,,
LNRCNKYST11,0,0,640299390000,522,,,,,,
LNRCNKYST12,0,0,640299390000,523,,,,,,
LNRCNKYST629,0,0,640299980000,778,,,,,,
LNRCNKYST630,0,0,670411000000,524,,,,,,
LNRCNKYST660,0,0,670411000000,525,,,,,,
LNRCNKYST674,0,0,670411000000,526,,,,,,
LNRCNKYST675,0,0,670411000000,527,,,,,,
LNRCNKYST70,0,0,611420000000,528,,,,,,
LNRCNKYST73,0,0,611420000000,529,,,,,,
LNRCNKYST76,0,0,640359500012,530,,,,,,
LNRCNKYST80,0,0,640359500012,531,,,,,,
LNRCNKYST81,0,0,640299390000,532,,,,,,
LNRCNKYST82,0,0,640299390000,533,,,,,,
LNRCNKYST86,0,0,611420000000,534,,,,,,
LNRCNKYST860,0,0,670411000000,535,,,,,,
LNRCNKYST87,0,0,611420000000,536,,,,,,
LNRCNKYST88,0,0,611420000000,537,,,,,,
LNRCNKZFT100,0,0,640291900000,744,,,,,,
LNRCNKZFT814,0,0,640291900000,743,,,,,,
LNRCNKZFT820,0,0,640291900000,745,,,,,,
LNRCNKZR953,0,0,670411000000,538,,,,,,
LNRCNKZZ1401,0,0,640291900000,758,,,,,,
LNRCNKZZ1402,0,0,670411000000,539,,,,,,
LNRCNKZZ1403,0,0,670411000000,540,,,,,,
LNRCNKZZ1404,0,0,670411000000,541,,,,,,
LNRCNKZZ1408,0,0,640291900000,759,,,,,,
LNRCNKZZ1409,0,0,640419900012,789,,,,,,
LNRCNKZZ1410,0,0,640291900000,760,,,,,,
LNRCNKZZ405,0,0,640400000000,542,,,,,,
LNRCNKZZ500,0,0,640419900011,780,,,,,,
LNRCNKZZ502,0,0,640299310000,766,,,,,,
LNRCNKZZ600,0,0,611420000000,543,,,,,,
LNRCNKZZ601,0,0,611420000000,544,,,,,,
LNRCNKZZ603,0,0,611420000000,545,,,,,,
LNRCNKZZ604,0,0,611420000000,546,,,,,,
LNRCNKZZ605,0,0,611420000000,547,,,,,,
LNRCNKZZ608,0,0,611420000000,548,,,,,,
LNRCNKZZ610,0,0,611420000000,549,,,,,,
LNRCNKZZ620,0,0,611420000000,550,,,,,,
LNRCNKZZ700,0,0,611420000000,551,,,,,,
LNRCNKZZ701,0,0,620520000018,552,,,,,,
LNRCNKZZ800,0,0,640299310000,553,,,,,,
LNRCNKZZ801,0,0,611420000000,554,,,,,,
LNRCNKZZ802,0,0,611420000000,555,,,,,,
LNRCNKZZ803,0,0,611420000000,556,,,,,,
LNRCNKZZ804,0,0,611420000000,557,,,,,,
LNRCNKZZ805,0,0,611420000000,558,,,,,,
LNRCNKZZ806,0,0,611420000000,559,,,,,,
LNRCNKZZ807,0,0,611420000000,560,,,,,,
LNRCNKZZ901,0,0,611420000000,561,,,,,,
LNRCNKZZ902,0,0,611420000000,562,,,,,,
LNRCNLA960,0,0,611420000000,563,,,,,,
LNRCNLBD7010,0,0,611420000000,564,,,,,,
LNRCNLBD7115,0,0,611420000000,565,,,,,,
LNRCNLET4039,0,0,640200000000,566,,,,,,
LNRCNLET4097,0,0,640200000000,567,,,,,,
LNRCNLET4105,0,0,640200000000,568,,,,,,
LNRCNLET4112,0,0,640200000000,569,,,,,,
LNRCNLTM035,0,0,670411000000,570,,,,,,
LNRCNLTM04,0,0,611420000000,571,,,,,,
LNRCNLTM1013,0,0,611420000000,572,,,,,,
LNRCNLTM1603,0,0,611420000000,573,,,,,,
LNRCNLTM1973,0,0,611420000000,574,,,,,,
LNRCNM013,0,0,640411000000,575,,,,,,
LNRCNM09,0,0,640200000000,576,,,,,,
LNRCNM10,0,0,640200000000,577,,,,,,
LNRCNMEC1551,0,0,640200000000,578,,,,,,
LNRCNNT243,0,0,611420000000,579,,,,,,
LNRCNNT300,0,0,640200000000,580,,,,,,
LNRCNNT301,0,0,640200000000,581,,,,,,
LNRCNNT7053,0,0,611595000000,582,,,,,,
LNRCNOSK2868,0,0,640419900011,583,,,,,,
LNRCNPR035,0,0,640411000000,584,,,,,,
LNRCNPSM040,0,0,611420000000,585,,,,,,
LNRCNPSM062,0,0,640200000000,586,,,,,,
LNRCNPT140,0,0,640419900012,790,,,,,,
LNRCNPT45,0,0,640391960000,587,,,,,,
LNRCNPT70,0,0,640200000000,588,,,,,,
LNRCNPT90,0,0,640419900012,791,,,,,,
LNRCNR04,0,0,640200000000,589,,,,,,
LNRCNR075,0,0,640200000000,590,,,,,,
LNRCNR108,0,0,961519000000,591,,,,,,
LNRCNR109,0,0,611420000000,592,,,,,,
LNRCNR1203,0,0,640411000000,593,,,,,,
LNRCNR1204,0,0,640411000000,594,,,,,,
LNRCNR189,0,0,611595000000,595,,,,,,
LNRCNR705,0,0,640200000000,596,,,,,,
LNRCNRCN152,0,0,640200000000,597,,,,,,
LNRCNRX086,0,0,640200000000,598,,,,,,
LNRCNSBC501,0,0,670411000000,599,,,,,,
LNRCNSBC722,0,0,210690980019,736,,,,,,
LNRCNSBC723,0,0,640419900011,784,,,,,,
LNRCNSPCT4000,0,0,611595000000,600,,,,,,
LNRCNT1310,0,0,640200000000,601,,,,,,
LNRCNT1925,0,0,640200000000,602,,,,,,
LNRCNT1955,0,0,640200000000,603,,,,,,
LNRCNT1963,0,0,640200000000,604,,,,,,
LNRCNT1975,0,0,640200000000,605,,,,,,
LNRCNT2021,0,0,640200000000,606,,,,,,
LNRCNT2022,0,0,640200000000,607,,,,,,
LNRCNT2023,0,0,640299960000,769,,,,,,
LNRCNT2044,0,0,640200000000,608,,,,,,
LNRCNT2935,0,0,640200000000,609,,,,,,
LNRCNT350,0,0,640200000000,610,,,,,,
LNRCNT420,0,0,640419900011,781,,,,,,
LNRCNT63,0,0,640200000000,611,,,,,,
LNRCNT836,0,0,640200000000,612,,,,,,
LNRCNTWG285,0,0,670411000000,613,,,,,,
LNRCNTWG630,0,0,670411000000,614,,,,,,
LNRCNTWG630-C,0,0,670411000000,615,,,,,,
LNRCNTWG7015,0,0,670411000000,616,,,,,,
LNRCNTWG7085,0,0,670411000000,617,,,,,,
LNRCNTWG7130,0,0,640200000000,618,,,,,,
LNRCNTWG720,0,0,640299980000,619,,,,,,
LNRCNTWG7435,0,0,670411000000,620,,,,,,
LNRCNVES121,0,0,640200000000,621,,,,,,
LNRCNVES128z,0,0,640200000000,622,,,,,,
LNRCNVES2015,0,0,640200000000,623,,,,,,
LNRCNWKS1651,0,0,640200000000,624,,,,,,
LNRCNXSP065,0,0,640200000000,625,,,,,,
LNRCNXSPX5,0,0,611420000000,626,,,,,,
LNRCNXSPX6,0,0,611420000000,627,,,,,,
LNRCNY10,0,0,640200000000,628,,,,,,
LNRCNYZZ180,0,0,640200000000,629,,,,,,
RCN146,0,0,640200000000,630,,,,,,
RCN152,0,0,640200000000,631,,,,,,
RCN1DRG1057,0,0,640200000000,632,,,,,,
RCN406,0,0,640200000000,633,,,,,,
RCN513,0,0,640200000000,634,,,,,,
RCN548,0,0,640200000000,635,,,,,,
RCN5481,0,0,640359500011,636,,,,,,
RCN625,0,0,640200000000,637,,,,,,
RCN652,0,0,640200000000,638,,,,,,
RCN655,0,0,640200000000,639,,,,,,
RCN716,0,0,640200000000,640,,,,,,
RCN728,0,0,640200000000,641,,,,,,
RCN748,0,0,640200000000,642,,,,,,
RCN761,0,0,640200000000,643,,,,,,
RCN923,0,0,611420000000,644,,,,,,
RCN928,0,0,611595000000,645,,,,,,
RCN955,0,0,640200000000,646,,,,,,
RCNCNT101,0,0,640200000000,647,,,,,,
RCNCNT360,0,0,640200000000,648,,,,,,
RCNCNT365,0,0,640200000000,649,,,,,,
RCNCNT661,0,0,640200000000,650,,,,,,
RCNCNT753,0,0,640200000000,651,,,,,,
RCNCNT836,0,0,640200000000,652,,,,,,
RCNCNT940,0,0,640200000000,653,,,,,,
RCNDRG2023,0,0,640200000000,654,,,,,,
RCNGLS105,0,0,640200000000,655,,,,,,
RCNGLS2262,0,0,640200000000,656,,,,,,
RCNGLS504,0,0,640200000000,657,,,,,,
RCNGLSSANTO,0,0,640200000000,658,,,,,,
RCNGR01,0,0,640200000000,659,,,,,,
RCNJLX20,0,0,640411000000,660,,,,,,
RCNJR1634,0,0,640200000000,661,,,,,,
RCNJR1816,0,0,640200000000,662,,,,,,
RCNJR1820,0,0,640200000000,663,,,,,,
RCNLA378,0,0,640200000000,664,,,,,,
RCNM012,0,0,640200000000,665,,,,,,
RCNM04,0,0,640200000000,666,,,,,,
RCNWKS2338,0,0,640200000000,667,,,,,,
RCNWLG072,0,0,640200000000,668,,,,,,
RCNXSP020,0,0,640411000000,669,,,,,,
ZKRCN211,0,0,640359500011,670,,,,,,
ZKRCN746,0,0,640200000000,671,,,,,,
ZKRCN856,0,0,640200000000,672,,,,,,
