Kod,Tanim
111,111
AS-35,AS-35
1218,1218
1923,1923
347,347
730,730
300,300
659,659
407,407
448,448
9257-04,9257-04
S-1259,S-1259
S 1259,S 1259
858,858
9110,9110
2432,2432
998,998
15303,15303
1501-05,1501-05
9198,9198
1259-01,1259-01
928-05,928-05
03-02,03-02
1259,1259
01259,01259
1259-2,1259-2
1259-02,1259-02
1010-03,1010-03
9256,9256
372,372
9240,9240
001,001
406,406
356,356
283,283
1011-2,1011-2
1011-01,1011-01
OK-011,OK-011
11032,11032
9135,9135
960,960
1011-3,1011-3
960-2,960-2
1494-02,1494-02
13953,13953
1114-02,1114-02
282,282
13953-01,13953-01
13082,13082
10367-01,10367-01
8242,8242
248,248
928,928
6258,6258
1494,1494
10367-04,10367-04
928-01,928-01
1011-03,1011-03
1951-02,1951-02
1951,1951
951-02,951-02
958-01,958-01
2070,2070
2520,2520
7196,7196
M-01,M-01
13793-01,13793-01
13837,13837
2520-02,2520-02
1951-01,1951-01
03,03
2418-02,2418-02
2070-1,2070-1
243,243
243-02,243-02
2880,2880
13082-02,13082-02
2070-05,2070-05
13953-04,13953-04
616-02,616-02
11114,11114
13945-02,13945-02
11114-02,11114-02
2399-01,2399-01
613,613
7261-01,7261-01
613-01,613-01
7261,7261
11259,11259
2399-04,2399-04
10267,10267
2399-02,2399-02
9135-05,9135-05
9135-01,9135-01
O-01,O-01
2399-05,2399-05
572,572
10973,10973
9135-02,9135-02
569,569
549,549
1406,1406
13945-05,13945-05
BEYAZ,BEYAZ
1010-2,1010-2
2880-01,2880-01
240,240
540,540
270,270
SİYAH,SİYAH
SIYAH,SIYAH
546,546
TAS280,TAS280
001AB,001AB
TAS-B DIAMOND,TAS-B DIAMOND
S NIKEL,S NIKEL
960-01,960-01
616,616
001-01,001-01
569-211KLP,569-211KLP
207,207
100,100
78007,78007
7807,7807
21407-BYKBASK,21407-BYKBASK
2154,2154
1501-02,1501-02
2521-02,2521-02
1501,1501
211407,211407
7359,7359
01199-01,01199-01
7311,7311
9257,9257
9175,9175
S-1010-02,S-1010-02
1951-05,1951-05
148,148
008,008
78,78
71,71
302,","
008-061,008-061
580,580
ALTIN,ALTIN
195,195
005,005
15-195,15-195
406-2,406-2
187,187
74-A,74-A
10316-A,10316-A
507,507
9041,9041
155,155
551,551
TAS CRYSTAL,TAS CRYSTAL
661,661
176,176
073,073
7235,7235
73,73
330,330
10211,10211
320,320
398,398
326,326
SIYH AST,SIYH AST
547,547
700,700
138,138
13788,13788
61,61
788,788
15271-569,15271-569
280,280
307,307
307-TERLIK,307-TERLIK
260,260
250,250
306,306
79,79
BEYAZ AST,BEYAZ AST
SIYAH AST,SIYAH AST
180,180
248-KÖSELE,248-KÖSELE
542 AST,542 AST
LAME AST,LAME AST
211 KLP,211 KLP
011,011
58,58
GP,GP
GP-32,GP-32
29,29
28,28
32,32
25,25
07,07
103,103
1933,1933
5095,5095
TASSIZ,TASSIZ
1189,1189
01218,01218
2016,2016
38,38
46,46
04,04
1206,1206
07121,07121
1938,1938
ZIMBALI,ZIMBALI
AS33-B,AS33-B
AS-33,AS-33
AS33-BEYAZ,AS33-BEYAZ
AS-33-BEYAZ,AS-33-BEYAZ
AS33-M,AS33-M
2091-B,2091-B
2091-M,2091-M
AS33-K,AS33-K
5182-B,5182-B
5182-BEYAZ,5182-BEYAZ
AS34-BEYAZ,AS34-BEYAZ
AS34-B,AS34-B
AS35-L,AS35-L
AS34-K,AS34-K
AS B.ALTIN,AS B.ALTIN
AS-1,AS-1
AS 1.M,AS 1.M
AS 1 B.ALTIN,AS 1 B.ALTIN
AS 4 B.ALTIN,AS 4 B.ALTIN
AS30-A,AS30-A
AS30-B,AS30-B
AS30-M,AS30-M
AS 1,AS 1
AS1-M,AS1-M
AS4-B ALTIN,AS4-B ALTIN
AS4-BEYAZ,AS4-BEYAZ
AS30-ALTIN,AS30-ALTIN
M-105,M-105
225,225
AS4-ASP,AS4-ASP
L-75,L-75
AS-3,AS-3
B-1,B-1
AS-11,AS-11
AS-K,AS-K
AS3-K,AS3-K
418,418
1180,1180
NIKA-2,NIKA-2
1205,1205
012,012
012-J,012-J
12,12
634,634
5429,5429
140,140
141,141
120-GRCIZGI,120-GRCIZGI
120-A,120-A
150,150
5329,5329
6231,6231
AS4-B.A,AS4-B.A
5818,5818
AS 01,AS 01
AS 01A,AS 01A
AS01-A,AS01-A
216-J,216-J
AS-01 B-A,AS-01 B-A
3561,3561
AS1-B.A,AS1-B.A
1127,1127
110,110
104,104
57,57
30,30
1640,1640
22674,22674
2231,2231
2223,2223
59,59
148-B,148-B
164,164
151427,151427
013,013
OK 013,OK 013
09909,09909
7121,7121
S-22,S-22
1052,1052
1912,1912
01259-02,01259-02
402-02,402-02
B13082,B13082
S1010-02,S1010-02
B1010-03,B1010-03
S1010-03,S1010-03
15271,15271
500,500
15271-B,15271-B
15271-Y,15271-Y
1022,1022
2011-A,2011-A
2011-S,2011-S
44,44
11032-01,11032-01
13945-04,13945-04
001-05,001-05
1110,1110
7311-01,7311-01
10387-02,10387-02
10387,10387
1010-3,1010-3
1010-1,1010-1
1259-1,1259-1
1010-02,1010-02
2521,2521
21407,21407
162-YS,162-YS
162-B,162-B
162,162
1901,1901
9049,9049
22190,22190
160,160
7801,7801
058182,058182
216,216
562,562
303,303
417,417
163-02,163-02
AS35-B ALTIN,AS35-B ALTIN
004,004
27,27
50,50
60,60
316-B,316-B
508,508
377,377
371,371
47,47
32 MET OKÇE,32 MET OKÇE
2418-01,2418-01
A402,A402
839-01,839-01
A402-02,A402-02
A402-01,A402-01
13837-01,13837-01
B1259-02,B1259-02
S-1010-01,S-1010-01
S1259-01,S1259-01
B402-02,B402-02
13082-01,13082-01
S13082-02,S13082-02
L 02,L 02
5005,5005
2,2
1199-01,1199-01
B839-02,B839-02
B1260-02,B1260-02
B13082-01,B13082-01
0839-02,0839-02
1259-03,1259-03
14311,14311
311,311
513,513
442,442
518,518
8503,8503
14302,14302
1272,1272
518-B,518-B
80003,80003
442-B,442-B
406-B,406-B
513-B,513-B
2251-G,2251-G
311-B,311-B
075,075
B402-01,B402-01
B1259-03,B1259-03
B1010-02,B1010-02
0839B-02,0839B-02
2854-02,2854-02
022,022
PL-15,PL-15
B 1259-02,B 1259-02
2854-01,2854-01
B 1259-03,B 1259-03
B 1010-01,B 1010-01
075 SYH,075 SYH
075 BEJ,075 BEJ
2251 TERMO,2251 TERMO
81156,81156
1334,1334
PL 15,PL 15
AS 35,AS 35
41,41
1048,1048
2026,2026
175-2,175-2
62,62
013111-EPL,013111-EPL
11032-2 DEMIRLİ,11032-2 DEMIRLİ
500-B,500-B
14421,14421
63,63
AS 38,AS 38
1033,1033
11150,11150
15005-TAŞLI,15005-TAŞLI
FML-15,FML-15
FML 15,FML 15
1033 KAPLAMA,1033 KAPLAMA
FML 15 KÖŞELE,FML 15 KÖŞELE
1960 TAŞLİ,1960 TAŞLİ
TASLI,TASLI
AS 37 K,AS 37 K
AS 37,AS 37
259-1,259-1
10324,10324
310-A,310-A
B-1010-02,B-1010-02
B 839-02,B 839-02
35005 B-02,35005 B-02
AS- 4 TERMO,AS- 4 TERMO
AS-4 TERMO,AS-4 TERMO
225  TRMO,225  TRMO
225 TERMO SIY,225 TERMO SIY
225 TERMO BEJ,225 TERMO BEJ
225 TERMO,225 TERMO
225  TRMO SIY,225  TRMO SIY
225  TRMO BEJ,225  TRMO BEJ
2011-B,2011-B
2474,2474
03729,03729
11135,11135
1053,1053
AS-37-K,AS-37-K
B 35005-02,B 35005-02
B 1010-03,B 1010-03
11196-B,11196-B
95015,95015
105019,105019
K1010-02,K1010-02
S 1010 02,S 1010 02
12854-02,12854-02
B 2011-03,B 2011-03
AS-38,AS-38
225-TERMO,225-TERMO
SA,SA
15596,15596
AS 04 TERMO,AS 04 TERMO
110007,110007
4010-03,4010-03
0839-YZ,0839-YZ
S1259-02,S1259-02
S1010-TŞ,S1010-TŞ
152,152
337,337
100017,100017
15272,15272
9214,9214
924,924
929,929
7127,7127
0339,0339
1267,1267
90022,90022
0210,0210
2136,2136
8042,8042
6342,6342
1035,1035
820,820
1259-YB,1259-YB
106,106
340,340
211-Y,211-Y
6797,6797
241 ,241 
241 K-3,241 K-3
241 K-4,241 K-4
241 K-1,241 K-1
241 K-2,241 K-2
402,402
401,401
400,400
11032-YZ,11032-YZ
0839-03,0839-03
1260-YZ,1260-YZ
601601,601601
839-03,839-03
1615,1615
129-03,129-03
90020,90020
MANTAR,MANTAR
AS-39 MANTAR,AS-39 MANTAR
350,350
5,5
ALTIN TOKA,ALTIN TOKA
KUŞ GOZ ZIMBA,KUŞ GOZ ZIMBA
ALTIN OKCE,ALTIN OKCE
11153,11153
019,019
1954-01,1954-01
1181,1181
AS 39  K-02,AS 39  K-02
AS 39  K-849,AS 39  K-849
AS 39  K-858,AS 39  K-858
AS 39 K-853,AS 39 K-853
839-YZ,839-YZ
AS 39 -K-02,AS 39 -K-02
AS 39 K-852,AS 39 K-852
AS 39--K 02,AS 39--K 02
11194,11194
1194,1194
11198,11198
AS 39 K-851,AS 39 K-851
05,05
1806,1806
9141,9141
163,163
01012,01012
AS.55,AS.55
3986,3986
3881,3881
14159,14159
673,673
02-011,02-011
7218,7218
000,000
8040,8040
1705,1705
108,108
241 K-7,241 K-7
9141-4 A,9141-4 A
390-2,390-2
45015-02,45015-02
019-Y,019-Y
371 K-02,371 K-02
360 K-839,360 K-839
52,52
390,390
AS 39 ,AS 39 
1011-02-YZ,1011-02-YZ
090,090
922,922
766,766
185,185
1135,1135
13261,13261
193,193
6290,6290
6295,6295
AS-56,AS-56
8078,8078
ÖK 410,ÖK 410
53,53
862,862
2896,2896
305,305
100030,100030
274,274
55,55
55 AYNALI,55 AYNALI
370,370
14311-S,14311-S
11116,11116
370-A,370-A
06,06
AS 42 K-896,AS 42 K-896
AS 42 ,AS 42 
JURDAN 2,JURDAN 2
65019-01,65019-01
8030,8030
AS35,AS35
AS35-L ALTIN,AS35-L ALTIN
AS1-B ALTIN,AS1-B ALTIN
AS4-BEYAZ ALTIN,AS4-BEYAZ ALTIN
AS-4,AS-4
AS-1 BEYAZ ALTI,AS-1 BEYAZ ALTIN
229,229
120-m,120-m
120 -M,120 -M
130,130
AS-04 B.A,AS-04 B.A
AS-01,AS-01
310,310
-,-
--,--
---,---
1,1
----,----
829,829
16301,16301
032,032
290,290
L 014,L 014
------,------
211,211
-----,-----
AS 01KAPLAMA,AS 01KAPLAMA
SIY NİKEL,SIY NİKEL
172,172
SIY NIKEL,SIY NIKEL
ALT NIKEL,ALT NIKEL
841,841
0841,0841
308,308
11218,11218
780,780
2137,2137
13837-02,13837-02
1260-02,1260-02
10367-05,10367-05
839-02,839-02
1260-02   AST 0,1260-02   AST 01
1260-02   AST 0,1260-02   AST 01
1260-02  AST 01,1260-02  AST 01
13082-02 AST 03,13082-02 AST 03
10367-01 AST 03,10367-01 AST 03
11032-01 AST 03,11032-01 AST 03
13082-02  AST 0,13082-02  AST 01
11032-01 AST 01,11032-01 AST 01
316 ,316 
316-Y,316-Y
2011,2011
F 101,F 101
CELIK OKCE,CELIK OKCE
316-S,316-S
10316,10316
68,68
02,02
13111,13111
013111,013111
175,175
743,743
B 1010-02,B 1010-02
B 1259-01,B 1259-01
 B 1010-01, B 1010-01
1259-YZ,1259-YZ
11215,11215
11217,11217
11197,11197
341,341
1809,1809
022-Y,022-Y
TBN  371  K-03,TBN  371  K-03
9141-A,9141-A
A-55,A-55
56,56
6323,6323
21114,21114
11136,11136
1501-YZ,1501-YZ
137,137
2251,2251
6427,6427
1476,1476
1474,1474
AS10-M,AS10-M
9976,9976
L-14,L-14
AS-7,AS-7
AS4,AS4
AS-04,AS-04
AS 04,AS 04
AS 6231,AS 6231
075-ST,075-ST
AS 37K,AS 37K
1257,1257
10324-B,10324-B
135005B-02,135005B-02
64,64
AS-4-TERMO,AS-4-TERMO
9609,9609
101-B,101-B
FML15 KOŞELE,FML15 KOŞELE
210,210
1228,1228
B0839-02,B0839-02
35008,35008
OKCE TASLI,OKCE TASLI
15427-01,15427-01
11196,11196
K1010-01,K1010-01
K1010-05,K1010-05
02011-01,02011-01
AS4 TERMO,AS4 TERMO
1223-B,1223-B
1010-TŞ,1010-TŞ
402-03,402-03
402-YF,402-YF
0839-01,0839-01
1011-02,1011-02
2399-A08,2399-A08
2399-A8,2399-A8
237-249,237-249
391,391
581,581
925,925
1487,1487
2399-YZ,2399-YZ
596,596
9250,9250
161,161
90022-S,90022-S
AS 40 B,AS 40 B
AS 40 M,AS 40 M
AS 39 K01,AS 39 K01
702,702
AS 39 K-862,AS 39 K-862
AS 39 K-02,AS 39 K-02
AS 39 K-857,AS 39 K-857
S1259-2-02,S1259-2-02
50015-02,50015-02
35008-03,35008-03
315--17161,315--17161
17161,17161
11181,11181
637,637
708-5,708-5
152-A,152-A
95045,95045
9135-2,9135-2
11032 YZ,11032 YZ
11032 01,11032 01
64-A8,64-A8
11149,11149
70012-YZ,70012-YZ
6911,6911
411,411
120,120
1750,1750
2091-S,2091-S
AS-01-A,AS-01-A
1935,1935
14302-B,14302-B
7807 TAŞLİ,7807 TAŞLİ
7807 TAŞLİ OKCE,7807 TAŞLİ OKCE
320-A,320-A
2854,2854
1199,1199
312,312
1010-YZ,1010-YZ
35005-02,35005-02
245,245
321,321
11236,11236
10331,10331
095,095
960-02,960-02
02-03,02-03
1010-01,1010-01
404,404
70015,70015
TBN 341 K-1,TBN 341 K-1
35-36,35-36
AS1,AS1
5050,5050
AS 40 ,AS 40 
12033,12033
AS 15,AS 15
1B 1259-02,1B 1259-02
AS-39,AS-39
2130,2130
1106,1106
TAŞLI,TAŞLI
TBN  240,TBN  240
TBN 370-A,TBN 370-A
390-S,390-S
896,896
777,777
asorti  5-9,asorti  5-9
AS 25,AS 25
010,010
2010-SY,2010-SY
5182,5182
019-YZ,019-YZ
019 YZ,019 YZ
022-YZ,022-YZ
6112,6112
6254,6254
12001,12001
80-30,80-30
2011-SY,2011-SY
712,712
LEO-02,LEO-02
AS 33 M 36-40,AS 33 M 36-40
TBN  370-A,TBN  370-A
100-1A,100-1A
2011-YS,2011-YS
2411,2411
100-1,100-1
157,157
958,958
927,927
202,202
201,201
2000,2000
10125,10125
1108,1108
105019-B,105019-B
11007,11007
390-Y,390-Y
A-129 02,A-129 02
80042,80042
4375,4375
799,799
12077,12077
3511,3511
35-11,35-11
4021,4021
390-A,390-A
662,662
857,857
981,981
105053-B,105053-B
100-1B,100-1B
209,209
911,911
110025-K,110025-K
211-B,211-B
B-039-02,B-039-02
AS 37 S,AS 37 S
0690,0690
03881,03881
B-1259-2-02,B-1259-2-02
1050-19-B,1050-19-B
070,070
AS-44,AS-44
AS44,AS44
-13111,-13111
1223,1223
7047,7047
5107,5107
50021,50021
893,893
402-TŞ,402-TŞ
7226-02,7226-02
B-35005 -02,B-35005 -02
217,217
390-B,390-B
TBN 160,TBN 160
95066,95066
35-39,35-39
B-4010-03,B-4010-03
126,126
TBN 380,TBN 380
1105,1105
1066,1066
310  YRM KURK,310  YRM KURK
7226,7226
40010-03,40010-03
7160,7160
01,01
380,380
4307,4307
7179,7179
TBN 391 K-881,TBN 391 K-881
TBN 391 ,TBN 391 
AS 45,AS 45
AS 46,AS 46
04315,04315
221-90,221-90
22190-B,22190-B
01314,01314
B-70012-YZ,B-70012-YZ
AS-37 S,AS-37 S
AS-37 K,AS-37 K
AS-44 K,AS-44 K
563,563
02(ESKITME),02(ESKITME)
440,440
B4010-03,B4010-03
B402-TS,B402-TS
B1010,B1010
391 K-02,391 K-02
TBN-135,TBN-135
TBN 135,TBN 135
2013,2013
6073,6073
3392,3392
90041-B,90041-B
992-S,992-S
992,992
5138,5138
AS-43,AS-43
287,287
04592,04592
430,430
8159,8159
AS 47,AS 47
AS 37-S,AS 37-S
5580-KREP,5580-KREP
AS 46 K,AS 46 K
TBN 310,TBN 310
1010-TS,1010-TS
622,622
6757,6757
B-1259,B-1259
B-1259-02,B-1259-02
4874,4874
0398,0398
4749,4749
037-980,037-980
037-981,037-981
037-079,037-079
4315-6012,4315-6012
4315-6281,4315-6281
4315-1829,4315-1829
4749-6154,4749-6154
1377,1377
1259-01291,1259-01291
55043-6150,55043-6150
3055,3055
110025-A,110025-A
218 ,218 
105075,105075
85064,85064
101951,101951
1B 1010-02,1B 1010-02
1B 1010-03,1B 1010-03
135005 B-02,135005 B-02
17311-01,17311-01
1350058-02,1350058-02
1B 839-02,1B 839-02
69,69
AS 4,AS 4
55014,55014
ALT-OKCE,ALT-OKCE
NIKEL OK,NIKEL OK
SIY BAG,SIY BAG
BEJ BAG,BEJ BAG
S 1259-01,S 1259-01
S 1010-02,S 1010-02
13953-02,13953-02
70012-02,70012-02
ALTAIN TOKA,ALTAIN TOKA
NIKEL AKSESUAR,NIKEL AKSESUAR
SIYAH NIKEL OKJ,SIYAH NIKEL OKJE
AS 41,AS 41
95045-Y,95045-Y
33,33
54,54
51,51
26,26
A-129-02,A-129-02
839-03 YZ,839-03 YZ
190,190
1960-02,1960-02
95052-02,95052-02
960-03,960-03
JURDAN-2,JURDAN-2
360,360
9121,9121
5037,5037
AS-42,AS-42
890,890
968,968
1774,1774
50021-YZ,50021-YZ
AS 3,AS 3
1100,1100
-80042,-80042
TBN 310-A,TBN 310-A
AS-47,AS-47
6722,6722
238,238
402-TS,402-TS
ksalın a.s,ksalın a.s
s.a,s.a
0398-022,0398-022
70015-6281,70015-6281
4622,4622
088-087,088-087
115009,115009
120005,120005
3006 4895,3006 4895
75146 4810,75146 4810
90140 4770,90140 4770
75149 4768,75149 4768
127/4767,127/4767
125/4769,125/4769
112/4514,112/4514
126/4218,126/4218
90140-4770,90140-4770
5100,5100
5469,5469
099-040,099-040
11099-955,11099-955
160045-01,160045-01
1377-01,1377-01
377-01,377-01
60045-01,60045-01
60046-01,60046-01
952-01,952-01
1260-01291,1260-01291
80042-01,80042-01
7226-01,7226-01
129-01,129-01
9257-01,9257-01
5482,5482
5470,5470
100060,100060
4520,4520
3049,3049
019-YS,019-YS
019-S,019-S
25011,25011
081,081
299,299
112-/4514,112-/4514
75146/4810,75146/4810
3006/4895,3006/4895
75146-4810,75146-4810
75142-4954,75142-4954
127-4767,127-4767
125-4769,125-4769
988-4958,988-4958
19257-01,19257-01
4189,4189
896/4243,896/4243
925/3759,925/3759
988/4958,988/4958
90140/4770,90140/4770
339-166,339-166
391/391,391/391
339/166,339/166
1126,1126
321-S,321-S
100-1A32,100-1A32
AS 48,AS 48
1136,1136
1068,1068
228,228
1277,1277
211-A,211-A
105019-A,105019-A
11002-A,11002-A
10019-B,10019-B
6568-4894,6568-4894
925-3759,925-3759
391-391,391-391
16332,16332
327-S,327-S
328,328
057,057
10060,10060
TBN 137,TBN 137
TBN 392,TBN 392
451,451
391 K-2,391 K-2
AS 2,AS 2
AS 49,AS 49
185073-01,185073-01
AS-48,AS-48
356/5090,356/5090
2126,2126
DER-2,DER-2
11706,11706
7168,7168
Z-1,Z-1
AS-56 AST BEJ,AS-56 AST BEJ
S1259-01291,S1259-01291
10064,10064
AS-5,AS-5
163/4954,163/4954
159,159
21144,21144
115010,115010
443,443
143,143
55051,55051
55049-YZ,55049-YZ
101-32,101-32
11202,11202
414-086,414-086
1088,1088
F-11947,F-11947
B 2011-02,B 2011-02
AS-35 ALTIN,AS-35 ALTIN
AS-39 K-02,AS-39 K-02
220-A,220-A
044,044
1254,1254
12028,12028
1107,1107
85040,85040
327,327
1522,1522
100-A1,100-A1
1257-B,1257-B
B1259-YZ,B1259-YZ
B04542,B04542
STREC,STREC
4808,4808
1514-A,1514-A
75149-4768,75149-4768
126-4218,126-4218
126-4889,126-4889
4681-0856,4681-0856
4960,4960
6068,6068
737,737
5461,5461
101,101
90022-A,90022-A
113,113
5504,5504
54-62,54-62
665,665
398-086,398-086
70015-6282,70015-6282
165036-S,165036-S
185074,185074
1042,1042
268,268
1126-B,1126-B
S1010-TS,S1010-TS
839,839
TBN 500,TBN 500
70015-Ö-6281,70015-Ö-6281
414-Ö-086,414-Ö-086
5623,5623
949,949
AS-51,AS-51
2144,2144
2511,2511
2150,2150
55049-02,55049-02
60065-S,60065-S
7736,7736
777-KOYU,777-KOYU
5182 M,5182 M
AS 33 M,AS 33 M
6262,6262
AS51,AS51
AS 35 ALTIN,AS 35 ALTIN
211-YS,211-YS
7275,7275
AS 1 ALTIN,AS 1 ALTIN
AS 33 B,AS 33 B
10266,10266
AS-53,AS-53
6016,6016
AS 54,AS 54
163/4895,163/4895
1522-B,1522-B
105075-B,105075-B
85064-B,85064-B
342-B,342-B
100085,100085
555,555
339,339
105075-Y,105075-Y
14202,14202
94,94
92,92
343,343
90057-B,90057-B
160-B,160-B
AS 04-SİYAH,AS 04-SİYAH
AS 33-M,AS 33-M
AS 52-B,AS 52-B
1260,1260
TBN 510,TBN 510
206/5090,206/5090
DER.01,DER.01
224/5435,224/5435
218-YS,218-YS
1259-Y,1259-Y
247,247
13020-S,13020-S
mantar taban,mantar taban
95003,95003
159-B,159-B
22310,22310
13025/5458,13025/5458
196-5195,196-5195
95172-5195,95172-5195
13025-5458,13025-5458
8086-5470,8086-5470
4047-4309,4047-4309
207-5405,207-5405
95172-5193,95172-5193
110064-K,110064-K
061-B,061-B
2150-A,2150-A
9055,9055
75002,75002
13121,13121
4298-O-6357,4298-O-6357
182,182
0223,0223
105108,105108
105075-D,105075-D
6913-B,6913-B
1541-B,1541-B
100085-B,100085-B
6913,6913
017,017
1541,1541
105,105
1099,1099
131721,131721
80102,80102
5529,5529
5531,5531
18300,18300
B5001B,B5001B
B35005-02,B35005-02
B 7226,B 7226
B1259-01,B1259-01
B1010-TS,B1010-TS
B 0952-03,B 0952-03
70032-01,70032-01
B0952-03,B0952-03
85106,85106
B1010-TŞ,B1010-TŞ
238-01,238-01
B1259-01291,B1259-01291
839 TS,839 TS
2103,2103
4315-Ö-6281,4315-Ö-6281
13020B,13020B
7102-B,7102-B
7316-TPK,7316-TPK
1604,1604
8060,8060
731,731
2516,2516
B 0952-02,B 0952-02
B4040-02,B4040-02
B95079-01,B95079-01
1064-B,1064-B
11015,11015
07102,07102
09,09
25-123,25-123
114112,114112
1305,1305
60062-02,60062-02
S95079-01,S95079-01
196/5195,196/5195
95172/5193,95172/5193
4047/4309,4047/4309
8086/5470,8086/5470
FETA,FETA
TBN.510,TBN.510
ÖK 451,ÖK 451
2516-B,2516-B
169-5194,169-5194
S95079-D-01,S95079-D-01
7015,7015
941,941
7504,7504
BEYAZ TAS,BEYAZ TAS
RENKLI TAŞ,RENKLI TAŞ
KAHVE TAŞ,KAHVE TAŞ
TBN 350,TBN 350
TBN 340,TBN 340
631,631
AS-55,AS-55
AS 55,AS 55
AS 56,AS 56
TBN 280,TBN 280
TBN 240,TBN 240
TBN 370,TBN 370
AS.56,AS.56
13953-2,13953-2
AS37,AS37
264-03,264-03
14156,14156
2012,2012
TBN-240-R,TBN-240-R
AYNALI,AYNALI
65019-1,65019-1
7504-S-1,7504-S-1
KALYN OKCE,KALYN OKCE
AS.46,AS.46
AS-46,AS-46
110025,110025
12062,12062
5115,5115
951-B,951-B
5580,5580
1119B,1119B
045,045
TBN 430,TBN 430
136 K 02,136 K 02
392,392
85073-01,85073-01
1238-01,1238-01
1459,1459
5003,5003
354,354
TOKA ALTIN,TOKA ALTIN
0339-166,0339-166
ASTAR 2,ASTAR 2
85074,85074
112-4514,112-4514
6442,6442
335,335
TBN 460 K-945,TBN 460 K-945
65036-S,65036-S
1011-YZ,1011-YZ
061,061
13020,13020
AS-52,AS-52
AS-52 B,AS-52 B
5182-M,5182-M
AS-33 B,AS-33 B
75142/4954,75142/4954
201-B,201-B
92-B,92-B
10060-K,10060-K
6076/5192,6076/5192
B839-TŞ,B839-TŞ
5282,5282
B 1259-YZ,B 1259-YZ
70-009B,70-009B
95079-K-01,95079-K-01
S50121-D-YZ,S50121-D-YZ
342,342
B60046,B60046
90038,90038
B377,B377
B85-001,B85-001
85001-B,85001-B
32275,32275
10093-B,10093-B
95098,95098
TBN 160-A,TBN 160-A
10042,10042
90092,90092
051,051
047,047
2173,2173
10098,10098
1534-B,1534-B
185-106,185-106
70012-TS,70012-TS
1206-268,1206-268
530,530
4448,4448
85-106,85-106
11064-K,11064-K
0402/5196,0402/5196
207/5405,207/5405
10,10
5556,5556
5638,5638
11967,11967
B6046,B6046
160-S,160-S
OB 111,OB 111
4315-O-6281,4315-O-6281
05641,05641
04403,04403
1420-B,1420-B
159-S,159-S
1643-B,1643-B
70-001-S,70-001-S
9980,9980
5012,5012
5021,5021
128/2685,128/2685
5803,5803
01001,01001
339-5801,339-5801
70009-B,70009-B
TERMO 225,TERMO 225
939-5801,939-5801
5799,5799
B60062,B60062
05138,05138
8086,8086
17324-B,17324-B
1065-K,1065-K
5845,5845
4095-K,4095-K
900083,900083
105-B,105-B
1542-B,1542-B
202-B,202-B
1010,1010
3543-B,3543-B
B80017-YZ,B80017-YZ
B-60016-TS,B-60016-TS
B-80017-YZ,B-80017-YZ
560,560
8545,8545
1066-A,1066-A
1064-Y,1064-Y
1068-B,1068-B
258,258
1605,1605
9057-B,9057-B
5969,5969
969,969
295-5878,295-5878
298-5950,298-5950
283-5885,283-5885
498,498
283-5948,283-5948
283-5950,283-5950
224-5947,224-5947
105026,105026
100-S,100-S
283/5948,283/5948
295-5883,295-5883
13065-3758,13065-3758
295/5853,295/5853
298-5885,298-5885
298-5878,298-5878
6062,6062
0457-5877,0457-5877
282-6060,282-6060
0952,0952
2150-S,2150-S
1064-S,1064-S
7135,7135
015,015
131814,131814
6044,6044
TNB 350,TNB 350
S-321,S-321
100-A,100-A
80027,80027
35008-A9,35008-A9
A-129-YZ,A-129-YZ
A-129-03,A-129-03
1839-YZ,1839-YZ
4315,4315
4298,4298
TBN 136,TBN 136
TBN 136 K-02,TBN 136 K-02
TBN 136 K-901,TBN 136 K-901
TBN 136 K-900,TBN 136 K-900
B-35005,B-35005
4750,4750
50021-03,50021-03
893-01,893-01
AS-33 M,AS-33 M
2150-B,2150-B
1097-B,1097-B
331-B,331-B
1419,1419
1839-TŞ,1839-TŞ
10042-B,10042-B
1018,1018
5009,5009
0169-5194,0169-5194
B85073,B85073
TAB 500,TAB 500
ÖK 440,ÖK 440
ÖK 400,ÖK 400
ÖK440,ÖK440
HE 56,HE 56
70015-O-6281,70015-O-6281
3584-2685,3584-2685
6164,6164
951-K,951-K
179-B,179-B
1066-K,1066-K
1071,1071
14-5198,14-5198
224/5947,224/5947
85-015,85-015
85023,85023
301,301
892-5879,892-5879
75162-5873,75162-5873
9021,9021
324-ys,324-ys
9057,9057
325,325
AS.3,AS.3
12017,12017
42342,42342
AS.5,AS.5
DER 1,DER 1
AS.2,AS.2
AS-59,AS-59
AS-57,AS-57
AS-58,AS-58
116,116
S-40,S-40
6018,6018
6801,6801
620,620
22350,22350
1259-04,1259-04
85-023,85-023
60-027-YZ,60-027-YZ
6252,6252
85-021,85-021
6056,6056
258-Y,258-Y
2833,2833
75162,75162
FN.01,FN.01
L 16,L 16
L 30,L 30
L 11,L 11
L 31,L 31
13065/3758,13065/3758
L 24,L 24
AS-58-B,AS-58-B
AS-58-M,AS-58-M
AS 61,AS 61
AS-60,AS-60
AS 60,AS 60
AS 58 S,AS 58 S
AS58 M,AS58 M
AS 58 M,AS 58 M
AS58-M,AS58-M
AS 58 B,AS 58 B
1089,1089
60-062,60-062
3882,3882
839-TŞ,839-TŞ
5770,5770
50121,50121
6468,6468
6805,6805
TBN 550,TBN 550
192,192
1369,1369
75162/5873,75162/5873
32350,32350
AS 62 B,AS 62 B
AS 62 M,AS 62 M
6510,6510
6170,6170
AS 225,AS 225
1389,1389
AS 63,AS 63
2764,2764
AS 58-B,AS 58-B
10093,10093
160-DS,160-DS
425,425
283-5879,283-5879
AS-58 S,AS-58 S
1016,1016
641,641
AS 58,AS 58
345-S,345-S
609-S,609-S
234-S,234-S
258-DS,258-DS
324-DS,324-DS
95023,95023
9902,9902
L-1447,L-1447
387,387
630,630
15101,15101
65018,65018
60027,60027
AS 61 B,AS 61 B
1010-TAS,1010-TAS
55049,55049
L 1447,L 1447
432,432
4243,4243
909,909
8224,8224
1228/6447,1228/6447
552,552
B.8724,B.8724
1447,1447
AS56,AS56
1259-TŞ,1259-TŞ
55049-TŞ,55049-TŞ
PLT 03,PLT 03
1614,1614
1075-K,1075-K
1549,1549
207-B,207-B
215,215
209-B,209-B
345-B,345-B
1073,1073
95176,95176
85015,85015
7135-TS,7135-TS
1010-BZ,1010-BZ
60006,60006
7135-BZ,7135-BZ
839-BZ,839-BZ
60-016,60-016
1209,1209
2314,2314
283/5883,283/5883
08/2685,08/2685
9087/5192,9087/5192
04/6621,04/6621
324-D,324-D
279-K,279-K
1014,1014
1074,1074
2811,2811
1075,1075
1074-B,1074-B
15272-Y,15272-Y
S 1010 TS,S 1010 TS
S 1259-YZ,S 1259-YZ
B 85023,B 85023
B 80042,B 80042
1030,1030
4094,4094
105053,105053
10131,10131
402-YZ,402-YZ
70012-03,70012-03
B-402-YZ,B-402-YZ
B-129-YZ,B-129-YZ
35008-02,35008-02
B-839-YZ,B-839-YZ
11169,11169
1921,1921
951,951
5086,5086
35-10,35-10
12043,12043
6344,6344
B-129-02,B-129-02
B-402-TŞ,B-402-TŞ
B-2854-01,B-2854-01
B-1259-YZ,B-1259-YZ
1199-YZ,1199-YZ
B-1010-YZ,B-1010-YZ
B-129,B-129
B-35005-02,B-35005-02
B-402-TAS,B-402-TAS
888,888
12012,12012
11195,11195
3510,3510
321-B,321-B
85040-B,85040-B
85040 B,85040 B
076,076
15 54,15 54
1554,1554
04474,04474
988,988
110025-B,110025-B
90022-B,90022-B
312-B,312-B
100-B,100-B
9175-B,9175-B
327-B,327-B
380-A,380-A
60045,60045
1011-TS,1011-TS
1259-TS,1259-TS
1259-PF,1259-PF
10952,10952
10952-02,10952-02
1952-02,1952-02
11010-YZ,11010-YZ
16068,16068
377-A9,377-A9
952-02,952-02
0952-02,0952-02
4959,4959
60052-6158,60052-6158
5027-440,5027-440
413111,413111
7316,7316
480 K-03,480 K-03
95079-01,95079-01
DER-1,DER-1
F11947,F11947
6568/48945,6568/48945
6568/4894,6568/4894
6284,6284
AS 33-B,AS 33-B
196,196
296,296
96,96
AS52,AS52
AS 52,AS 52
14142,14142
088,088
084,084
557,557
33111,33111
1307,1307
226/5513,226/5513
251-B,251-B
S60062,S60062
1419-B,1419-B
B 1010-TŞ,B 1010-TŞ
0169/R05194,0169/R05194
196/R05195,196/R05195
0169/5194,0169/5194
90-009B,90-009B
126 4218,126 4218
334,334
126-D,126-D
3543,3543
95-023,95-023
70032,70032
50121-YZ,50121-YZ
60016,60016
5952,5952
3544,3544
4010,4010
65-016,65-016
65107,65107
60-027,60-027
60-006,60-006
25-012,25-012
AS-57 M,AS-57 M
159-YS,159-YS
6416,6416
AS225,AS225
018,018
90051,90051
B 80042-TS,B 80042-TS
B 402-TS,B 402-TS
08-2685,08-2685
338-6639,338-6639
10054-A,10054-A
22-6502,22-6502
996,996
8086-6519,8086-6519
1003,1003
6280-6621,6280-6621
1002,1002
330-6596,330-6596
640,640
TBN 8145,TBN 8145
279-A,279-A
975,975
026,026
16324-B,16324-B
273-B,273-B
105056,105056
624-B,624-B
22-4218,22-4218
6280 6621,6280 6621
042,042
8145,8145
526,526
474,474
1259-B,1259-B
1633,1633
6492,6492
100-025,100-025
211-S,211-S
AS 65,AS 65
05-2685,05-2685
1068-K,1068-K
15166,15166
295-3758,295-3758
294,294
B35008,B35008
95023-B,95023-B
0131870,0131870
0131815,0131815
06801,06801
105070,105070
B60-027,B60-027
B80-017-YZ,B80-017-YZ
AS65,AS65
1065,1065
129,129
AS 66,AS 66
100-025-B,100-025-B
4025-7026,4025-7026
12137,12137
12737,12737
10028,10028
110028,110028
1061,1061
1078,1078
345,345
714,714
1716,1716
6493,6493
AS 69,AS 69
650,650
119,119
336,336
1247,1247
95068,95068
1237,1237
95023-02,95023-02
95023-03,95023-03
7135-01,7135-01
AS 44,AS 44
AS 43,AS 43
889,889
1514,1514
11136-7B,11136-7B
4562,4562
8285,8285
8287,8287
10131-B,10131-B
B70012-YZ,B70012-YZ
KALIN S.A,KALIN S.A
AS-4 altın,AS-4 altın
4769-125,4769-125
480,480
33116,33116
33117,33117
85080,85080
80060,80060
1534,1534
2514,2514
110024-K,110024-K
05556,05556
36 40,36 40
1097,1097
5492,5492
75154,75154
446,446
0952-01,0952-01
85073,85073
95079,95079
60016-01,60016-01
054,054
95,95
052,052
295,295
1012,1012
1064,1064
225 KREP,225 KREP
TBN 501,TBN 501
6076-5192,6076-5192
B1010-YZ,B1010-YZ
OK 470,OK 470
11263,11263
5991,5991
5484,5484
6701,6701
6088,6088
6104,6104
6219,6219
6451,6451
13066-4243,13066-4243
13108,13108
6419-M,6419-M
6414-M,6414-M
AS 58-M,AS 58-M
AS 58-S,AS 58-S
AS58 S,AS58 S
B 613,B 613
B 659,B 659
AS 3 P,AS 3 P
1862,1862
6600,6600
55-040-S,55-040-S
13953-YZ,13953-YZ
123,123
AS 62,AS 62
258-B,258-B
609-B,609-B
1566,4
R04309,R04309
1017,1017
65016,65016
35-40,35-40
197,197
297,297
726,726
90045,90045
660,660
90050,90050
279,279
lastik F tas,lastik F tas
1011,1011
AS 64,AS 64
9586,9586
3546,3546
273,273
839-DS,839-DS
839-T8,839-T8
B 402,B 402
B85023,B85023
B80042-TŞ,B80042-TŞ
B60-062,B60-062
95079K-01,95079K-01
KREP TAB,KREP TAB
8069,8069
4274,4274
015166,015166
B7135-TS,B7135-TS
950238,950238
159-K,159-K
926,926
2811-YS,2811-YS
570,570
7152,7152
1259-129,1259-129
619-02,619-02
65107-02,65107-02
85015-01,85015-01
621-02,621-02
619-03,619-03
7250,7250
F11947-03,F11947-03
F11947-02,F11947-02
85106-01,85106-01
104-02,104-02
N-1,N-1
31-3758,31-3758
4025/7098,4025/7098
395-4894,395-4894
N-5,N-5
N-2,N-2
N-12,N-12
11134,11134
670,670
460,460
11036,11036
6213,6213
1405,1405
1085,1085
1712,1712
8228,8228
6001,6001
AS 72 S-2,AS 72 S-2
AS 72 S-1,AS 72 S-1
AS 71 S-1,AS 71 S-1
AS 71 S-2,AS 71 S-2
KT08-7151,KT08-7151
95073,95073
215-DS,215-DS
1939,1939
648,648
PARIS,PARIS
1642,1642
910,910
KT8-R07248,KT8-R07248
300-RO7579-1,300-RO7579-1
6495-RO7412,6495-RO7412
1903,1903
4544-RC07528,4544-RC07528
412,412
KT08-R7248,KT08-R7248
KT8-R7248,KT8-R7248
KT8-R7413,KT8-R7413
6495-R7412,6495-R7412
KT08-R07248,KT08-R07248
KT08-R07413,KT08-R07413
6495,6495
KT08 R7248,KT08 R7248
RC-1903,RC-1903
8398,8398
7135B,7135B
1259B,1259B
621,621
80042B,80042B
6068B,6068B
N-4,N-4
160-D,160-D
N-14,N-14
279-B,279-B
11541,11541
739,739
740-B,740-B
6495-RC7412,6495-RC7412
08-R07413,08-R07413
6495-RC07412,6495-RC07412
8665,8665
15009,15009
15010,15010
399,399
373,373
7237,7237
384,384
317,317
21-7638,21-7638
8640,8640
B80042,B80042
B7226,B7226
AS. 55,AS. 55
4617-909,4617-909
398-078,398-078
10081,10081
10061,10061
669,669
267,267
AS 50,AS 50
ASTAR 1,ASTAR 1
ASTAR 4,ASTAR 4
AS-49,AS-49
839-TS,839-TS
1459-01,1459-01
416-044,416-044
372  K-845,372  K-845
460 K-02,460 K-02
4749-6101,4749-6101
143 NIKEL,143 NIKEL
AS 4 MTR,AS 4 MTR
AS 4 ASP,AS 4 ASP
AS 51,AS 51
AS 53,AS 53
65036-S-01,65036-S-01
22614,22614
80056,80056
5036,5036
080056,080056
80055,80055
05192,05192
65,65
KLP 21,KLP 21
102-211,102-211
331,331
70015-6218,70015-6218
210300,210300
550,550
226-5513,226-5513
128-5800,128-5800
128-2685,128-2685
1292-2685,1292-2685
3103,3103
6070,6070
258-S,258-S
324-S,324-S
10007,10007
6049,6049
15325,15325
345-15325,345-15325
242/4889,242/4889
242/5947,242/5947
298/5950,298/5950
8001,8001
7607,7607
9210,9210
13066/4243,13066/4243
L23,L23
1422,1422
AS 28-B,AS 28-B
6280/6621,6280/6621
22/4218,22/4218
L-1558,L-1558
1286,1286
492,492
215-B,215-B
624,624
22-14022,22-14022
B 85073,B 85073
B 35008,B 35008
 1259-0129, 1259-0129
1717,1717
7151,7151
08-7248,08-7248
AS 72,AS 72
AS 72 S,AS 72 S
1704-S,1704-S
121-4243,121-4243
KT8-R07413,KT8-R07413
8643,8643
21-7637,21-7637
1091,1091
7226-B,7226-B
1752,1752
6494-B,6494-B
95032B,95032B
50028,50028
N-35,N-35
652,652
1524,1524
6439-B,6439-B
08342,08342
21-R7637,21-R7637
41/R3758,41/R3758
136/R6011,136/R6011
6280/R6621,6280/R6621
21-R06502,21-R06502
01065,01065
21/RO7413,21/RO7413
1412,1412
N1-K,N1-K
758,758
950023B,950023B
L01903,L01903
077-354,077-354
773,773
771-K,771-K
333-B,333-B
85159,85159
333-1,333-1
85021,85021
70030B,70030B
BEJ,BEJ
1059-B,1059-B
35001,35001
95023 STC,95023 STC
2156351,2156351
1025,1025
398-a,398-a
105136,105136
313,313
195-5,195-5
416,416
760,760
105055,105055
85043,85043
100-402,100-402
N6,N6
N3,N3
15028,15028
14028,14028
N-30,N-30
771,771
235-D,235-D
1217,1217
174,174
324 DS,324 DS
1704 DS,1704 DS
915,915
710,710
DEMIRSIZ,DEMIRSIZ
1708,1708
14017,14017
105052,105052
95083-NIKEL BOYAMA,95083-NIKEL BOYAMA
N9,N9
1014-K,1014-K
1011-K,1011-K
100-402-B,100-402-B
9103,9103
8007,8007
80070,80070
03 KAPLAMA,03 KAPLAMA
TBN 390,TBN 390
230,230
8058,8058
08057,08057
80072B,80072B
5010,5010
388,388
166,166
352,352
472,472
447,447
457,457
361,361
475,475
467,467
11025,11025
50058,50058
45011,45011
795,795
R.C.015012,R.C.015012
TBN 320,TBN 320
15042K,15042K
15111B,15111B
9221241,9221241
610145,610145
2358,2358
2337,2337
2372,2372
2330,2330
C047925,C047925
7219050,7219050
N12B,N12B
15042B,15042B
4315-6013,4315-6013
4315-6283,4315-6283
5002-11202,5002-11202
5008,5008
1259-0129,1259-0129
1011-TAS,1011-TAS
160 B,160 B
5404,5404
60052-ö-6158,60052-ö-6158
102-YS,102-YS
185073,185073
11459,11459
B95079,B95079
160-A,160-A
275,275
8611,8611
7129,7129
S85001D-01,S85001D-01
HE-56,HE-56
5580 SİYAH,5580 SİYAH
2245947,2245947
136/6010,136/6010
136/6011,136/6011
296/5944,296/5944
283/5885,283/5885
295/5883,295/5883
295/5878,295/5878
457/5877,457/5877
298/5990,298/5990
283/5950,283/5950
068,068
5565,5565
292,292
FN01,FN01
6064,6064
6069,6069
8724,8724
L.1447,L.1447
b7135,b7135
019-16324,019-16324
B839-BZ,B839-BZ
85023-B,85023-B
3414,3414
B7135-TŞ,B7135-TŞ
6437,6437
6428,6428
6438,6438
6435,6435
6429,6429
1258,1258
1261,1261
8061,8061
6491-7099,6491-7099
3100-3758,3100-3758
6491/7099,6491/7099
6491/7098,6491/7098
6491/7026,6491/7026
4025/7026,4025/7026
4025-7098,4025-7098
08/7248,08/7248
389/4894,389/4894
08/7151,08/7151
3100/5883,3100/5883
3100/5878,3100/5878
3100/3758,3100/3758
8684,8684
324-DA,324-DA
110025K,110025K
11025-K,11025-K
LACİ,LACİ
720,720
042-K,042-K
64959,64959
462,462
374,374
N-138,N-138
N12,N12
500588,500588
8012,8012
770,770
N-049658,N-049658
N188,N188
1429,1429
9516,9516
30033B,30033B
N13B,N13B
N12K,N12K
410391,410391
27314,27314
1900834,1900834
2369,2369
ATOM,ATOM
3905,3905
235432,235432
7232,7232
1065/6078,1065/6078
I-24678,I-24678
3911,3911
2651,2651
NAKIŞLI,NAKIŞLI
KALIN ÖKÇE,KALIN ÖKÇE
8055,8055
N18B,N18B
N16,N16
N15,N15
11352,11352
4533,4533
6340,6340
3926,3926
18100,18100
C-047271,C-047271
4534,4534
221614,221614
10551,10551
18100-S,18100-S
3952,3952
4813953-1,4813953-1
721905-1,721905-1
3842,3842
3948,3948
1270-M2,1270-M2
80072K,80072K
50121B,50121B
15111,15111
10574,10574
10579,10579
N-15,N-15
7811690,7811690
510104,510104
10551-B,10551-B
10351,10351
AYNA OKCE,AYNA OKCE
HAVYAR OKCE,HAVYAR OKCE
SIYAH DANTEL,SIYAH DANTEL
00072,00072
6078,6078
95-1112,95-1112
1552,1552
95-117,95-117
9191,9191
10687,10687
750,750
I-90,I-90
360-5,360-5
360-S,360-S
10822,10822
10813,10813
139,139
FML 75,FML 75
FML 76,FML 76
10833,10833
8946,8946
100054,100054
10915,10915
N19,N19
36229,36229
FML,FML
839-S,839-S
6493-DS,6493-DS
TAŞTOKALI,TAŞTOKALI
KOSELE TABAN,KOSELE TABAN
PİRAMİT TOKALI,PİRAMİT TOKALI
PİRAMİT ,PİRAMİT 
TOKALI,TOKALI
55118,55118
90159,90159
1-7,1-7
I-7,I-7
90138,90138
95112,95112
TBN 400,TBN 400
LİSSE,LİSSE
605-608,605-608
7050,7050
FML 80,FML 80
17118,17118
8710,8710
SIMONNA,SIMONNA
10702,10702
186,186
12453,12453
3620,3620
1001,1001
1000,1000
80056-6115,80056-6115
DER.1,DER.1
DER.2,DER.2
DER.1-A103,DER.1-A103
DER.1 ASTARSIZ,DER.1 ASTARSIZ
DER.2-A102,DER.2-A102
4360,4360
4188,4188
460 K-939,460 K-939
470,470
372  K-02,372  K-02
213,213
60062,60062
SYH RUG.,SYH RUG.
1132,1132
510,510
7338,7338
501 K-964,501 K-964
5599,5599
80001,80001
324-B,324-B
331-1,331-1
80001-01,80001-01
431-B,431-B
TBN 504 K-02,TBN 504 K-02
TBN 560 K-02,TBN 560 K-02
6008,6008
3541,3541
559,559
296-5944,296-5944
4926,4926
324,324
258-YS,258-YS
160-YS,160-YS
65-018,65-018
893-YZ,893-YZ
12350,12350
6656,6656
334-6502,334-6502
334-5800,334-5800
7135-TŞ,7135-TŞ
619,619
10054,10054
1014-B,1014-B
450,450
8648,8648
36-40,36-40
740,740
15042,15042
795-K,795-K
7945,7945
45039,45039
3668,3668
10286,10286
5140,5140
2544,2544
1116,1116
2400,2400
510108,510108
4813953,4813953
10391,10391
N18-B,N18-B
yeni krampon,yeni krampon
çiçekli taban,çiçekli taban
800,800
10799,10799
7582,7582
7583,7583
FML 77,FML 77
N5,N5
95101,95101
55111,55111
810,810
3807,3807
10347,10347
0195-02,0195-02
11143,11143
B-10551,B-10551
3760,3760
9576,9576
8951,8951
40014,40014
11002,11002
N-23,N-23
55127B,55127B
80070-k,80070-k
6056B,6056B
6056-ö15173,6056-ö15173
6056-ö1573,6056-ö1573
10702 K,10702 K
60100,60100
1060,1060
11092,11092
830,830
C-47,C-47
11082,11082
011134,011134
8004,8004
2159,2159
6010,6010
019-B,019-B
011219-B,011219-B
95083 B,95083 B
011382,011382
 840, 840
025,025
FML 64,FML 64
FML 66,FML 66
75118-b,75118-b
75118,75118
1597,1597
860,860
20029,20029
2856,2856
18602,18602
5030,5030
5430,5430
18462,18462
110082,110082
N26,N26
90184,90184
1869,1869
F-13,F-13
90138s,90138s
ök 870,ök 870
ök 820,ök 820
7527,7527
9327,9327
65099,65099
527,527
1711,1711
R9179,R9179
11494,11494
9605,9605
ök 780,ök 780
199,199
1079,1079
70072,70072
65097-B661,65097-B661
 820, 820
76121,76121
11443,11443
95154,95154
95152,95152
9607,9607
70073,70073
1996,1996
1473,1473
80070-1092,80070-1092
25091,25091
40072D,40072D
9553-2,9553-2
11451,11451
17 RG,17 RG
100176,100176
80070-83312,80070-83312
N27,N27
85171,85171
751230S,751230S
901385,901385
0103,0103
austrıa,austrıa
900,900
11304,11304
10702-22283,10702-22283
503,503
1807,1807
5263,5263
7511,7511
86217,86217
920,920
420,420
7172B,7172B
N23B,N23B
N168,N168
6212,6212
1169,1169
3820,3820
850,850
703,703
9709,9709
45076,45076
55127,55127
9654,9654
5268,5268
N16B,N16B
10095,10095
11920,11920
45076 B,45076 B
11811-B,11811-B
1128,1128
100060-B,100060-B
90083,90083
431,431
B50121-YZ,B50121-YZ
13020-B,13020-B
S1010,S1010
13004,13004
1905,1905
70-001,70-001
1070,1070
610,610
600,600
609,609
40-008,40-008
892-5873,892-5873
100-95,100-95
35-42,35-42
0614,0614
06720,06720
8209,8209
7879,7879
969-6529,969-6529
973,973
2020,2020
2021,2021
A-98,A-98
35-41,35-41
599-S40,599-S40
MABEYN,MABEYN
627,627
85095,85095
10303,10303
1712-B,1712-B
1642-B,1642-B
6494,6494
KT08-RO7248,KT08-RO7248
21-RO6502,21-RO6502
6493-D,6493-D
10054-K,10054-K
62118,62118
8073,8073
8074,8074
N-149658,N-149658
90010,90010
95087,95087
I-75,I-75
PAOLETTİ,PAOLETTİ
1362,1362
CLR 94,CLR 94
025-S,025-S
01 G 03,01 G 03
CLR 95,CLR 95
5170,5170
6730,6730
7900,7900
FML  80,FML  80
FML  81,FML  81
ök 810,ök 810
45063-K,45063-K
6030,6030
FML 82,FML 82
11079,11079
30059,30059
839S,839S
10813-85176,10813-85176
75123 DS,75123 DS
8031,8031
B-01,B-01
6056-15237,6056-15237
10712-22283,10712-22283
90209,90209
1065-B,1065-B
45076B,45076B
85199,85199
110052,110052
0012150,0012150
85.162,85.162
13300,13300
1712-k-393,1712-k-393
12311,12311
11811,11811
siyah-gri,siyah-gri
beyaz*siyah,beyaz*siyah
7673,7673
9400,9400
324 ys,324 ys
1510438,1510438
12116,12116
139-1,139-1
11914,11914
RG-22924,RG-22924
RG-16,RG-16
10332,10332
10662,10662
100S,100S
332,332
10813 BOYALI,10813 BOYALI
10813 -finisajlı,10813 -finisajlı
10813 -finisaj,10813 -finisaj
10813-finisaj,10813-finisaj
14664,14664
120 FML,120 FML
520,520
 890, 890
112034,112034
112066,112066
112086,112086
İ-75,İ-75
M-1,M-1
324SC,324SC
6010A,6010A
6356,6356
6363,6363
95184,95184
95181,95181
040,040
5369,5369
6391,6391
6653,6653
55176,55176
80144,80144
12381,12381
12 FML,12 FML
120-FML,120-FML
FML 84,FML 84
FML84,FML84
12186,12186
120- FML,120- FML
16-FML,16-FML
1331,1331
90247-D,90247-D
12455,12455
11087,11087
157998,157998
6430,6430
N16-6356,N16-6356
6356-N16,6356-N16
384-95181,384-95181
95181-384-A13,95181-384-A13
84,84
10513,10513
1989,1989
6356-N-16,6356-N-16
N-15-6363,N-15-6363
6363-N15,6363-N15
16222A,16222A
RG-410,RG-410
1065-1989,1065-1989
80131-1092,80131-1092
12464,12464
RG-3,RG-3
STEWY 110,STEWY 110
ARES,ARES
01010,01010
RG-01362,RG-01362
PL-0258,PL-0258
M1-RG,M1-RG
M01-RG,M01-RG
RG-1362,RG-1362
F-LAURA,F-LAURA
0258,0258
F.LUİSA,F.LUİSA
SHIADA 60,SHIADA 60
02-RG,02-RG
011143,011143
10702-393,10702-393
6006 ,6006 
943,943
N15-6363-A13,N15-6363-A13
800701092,800701092
22924,22924
16222,16222
90138-16024,90138-16024
90138-16024-A13,90138-16024-A13
A-13-6356-N16,A-13-6356-N16
A-13-6363-N15,A-13-6363-N15
10061-B,10061-B
110064-B,110064-B
70-009-B,70-009-B
B70012,B70012
B85001,B85001
95079-K,95079-K
AS 560,AS 560
136-6011,136-6011
042090,042090
EVA SİYAH,EVA SİYAH
SİYAH MİKRO,SİYAH MİKRO
NATUREL,NATUREL
65065-S,65065-S
55040-S,55040-S
618,618
1228-6447,1228-6447
969/6529,969/6529
338/6639,338/6639
338/6637,338/6637
338/6730,338/6730
60006B,60006B
60027B,60027B
95023B,95023B
85001S,85001S
70001S,70001S
60062S,60062S
S50021-YZ,S50021-YZ
624-S,624-S
1259/01291,1259/01291
458,458
B41135-TS,B41135-TS
B60027,B60027
3726,3726
1059,1059
N-7,N-7
14075,14075
1013,1013
551 kaplama,551 kaplama
16103,16103
21/R7638,21/R7638
019-PL335,019-PL335
N4,N4
N1,N1
1654,1654
382,382
1081,1081
FML 81,FML 81
11134-b,11134-b
1065-ö 15173,1065-ö 15173
01134,01134
024,024
11457,11457
066,066
RG-13,RG-13
11891,11891
1677,1677
11421,11421
011421,011421
8261-B,8261-B
6003,6003
75128-B,75128-B
1134,1134
10813-B,10813-B
90010K,90010K
11343,11343
011748,011748
AS-64,AS-64
100087,100087
263,263
LUİSA,LUİSA
SREWY 110,SREWY 110
N16-6356-A13,N16-6356-A13
7135-6363-A13,7135-6363-A13
5019-5010-A13,5019-5010-A13
1066-6056,1066-6056
1453,1453
N23-179-A13,N23-179-A13
839S-7135-A13,839S-7135-A13
1010-7135-A13,1010-7135-A13
4000,4000
N16D-6356-MEŞİN.A,N16D-6356-MEŞİN.A
95023-107-SICAK.A,95023-107-SICAK.A
55127-8100-S.ASTAR,55127-8100-S.ASTAR
85199K-13291-SICAK.A,85199K-13291-SICAK.A
85199-13291-SICAK.A,85199-13291-SICAK.A
55127-8100-KADİFE.A,55127-8100-KADİFE.A
N16B-6356-MEŞİN.A,N16B-6356-MEŞİN.A
839S-7135,839S-7135
410,410
16222-1989,16222-1989
RG-171,RG-171
9670,9670
9694,9694
RG-0171,RG-0171
011343,011343
01362,01362
5169,5169
8080,8080
96510,96510
95184-14192-A13,95184-14192-A13
90247,90247
90-2470,90-2470
GL-102116,GL-102116
390-ASTR 1989,390-ASTR 1989
839-S-7135-A13,839-S-7135-A13
6340 GL,6340 GL
6578,6578
019YS,019YS
90233,90233
6078-1989,6078-1989
60164-6363-A-13,60164-6363-A-13
96262,96262
5010-5019,5010-5019
N27-6323,N27-6323
80093-12153,80093-12153
60065-015,60065-015
409,409
80093-6391-A13,80093-6391-A13
96557,96557
1064-1989,1064-1989
90267-1989,90267-1989
1065-6472,1065-6472
14664-1989,14664-1989
80070-1095,80070-1095
12455-1989,12455-1989
10813-12167,10813-12167
90267,90267
90010-B,90010-B
1065B,1065B
2588,2588
2628,2628
RG-3961,RG-3961
096,096
9711,9711
3981,3981
09191,09191
0171,0171
012791,012791
0784-RG,0784-RG
010636,010636
011331,011331
010391,010391
P453,P453
86557,86557
96305,96305
95184-1453,95184-1453
N15-6142,N15-6142
N15-6363,N15-6363
80072-6137,80072-6137
N23-179,N23-179
95023-107,95023-107
N16-439,N16-439
95184-1001,95184-1001
N16B-439,N16B-439
N16B-6356,N16B-6356
N16D-6356,N16D-6356
N15B-6142,N15B-6142
0396,0396
012066,012066
S1010-YZ,S1010-YZ
2316,2316
1653-B,1653-B
2811-B,2811-B
66,66
67,67
7300,7300
1646,1646
HE106,HE106
3011,3011
15272-B,15272-B
215-S,215-S
4544-RC7528,4544-RC7528
6495-R07412,6495-R07412
KT21-R06502,KT21-R06502
70030,70030
9613,9613
590,590
11947,11947
80017B,80017B
Y111,Y111
1010B,1010B
4010B,4010B
95079K,95079K
755,755
621B,621B
950230,950230
TBN 590,TBN 590
7079,7079
FML 78,FML 78
FML 79,FML 79
45063,45063
01110,01110
10438,10438
110082-B,110082-B
25087,25087
FML81,FML81
FML64,FML64
FML66,FML66
FML  66,FML  66
6003B,6003B
1056,1056
110025-056,110025-056
10702-2228,10702-2228
51311,51311
N-018,N-018
75214-1989,75214-1989
0924,0924
FML 83,FML 83
12066,12066
1001-95184,1001-95184
6356-N16D,6356-N16D
6137-80072B,6137-80072B
040-45076,040-45076
RG-02,RG-02
012789,012789
RG-212,RG-212
N16D,N16D
980,980
1065-339,1065-339
90010-322,90010-322
90010-7462,90010-7462
11551,11551
75214-B,75214-B
1458,1458
8261,8261
1712 B-393,1712 B-393
10813K-12167,10813K-12167
65190-352,65190-352
900-9285,900-9285
7135-839-A13,7135-839-A13
11811B,11811B
1065K-7462,1065K-7462
10813K,10813K
930,930
6142-N15B,6142-N15B
12442,12442
012859,012859
12860,12860
6142-N15,6142-N15
1001-95184B,1001-95184B
95181B-439,95181B-439
70030-352-A13,70030-352-A13
1050,1050
T-010,T-010
N-030,N-030
1100258,1100258
95184B,95184B
359,359
T-10,T-10
463,463
70030-353-A13,70030-353-A13
90274,90274
65114B,65114B
N15 B,N15 B
85308,85308
990,990
1062-7462,1062-7462
202169,202169
N15B,N15B
357,357
6661,6661
9741,9741
6737,6737
11680,11680
12455K,12455K
12455 K,12455 K
324 S,324 S
324 S-1989,324 S-1989
357-1989,357-1989
13023-10587-1989,13023-10587-1989
357-SC-1989,357-SC-1989
10587-1989,10587-1989
10482,10482
357-SC,357-SC
359-SC-1989,359-SC-1989
800-1092,800-1092
13038,13038
11088,11088
13128,13128
SD-309,SD-309
RG-17,RG-17
AS 84,AS 84
AS-66,AS-66
23,23
10587,10587
324S,324S
13273A,13273A
0453,0453
2453,2453
3453,3453
90292,90292
19810,19810
5453,5453
490,490
20001,20001
170,170
357 SC,357 SC
70166,70166
38899,38899
1433,1433
206128,206128
12357,12357
ÇELIK ÇIÇEK,ÇELIK ÇIÇEK
80070-10962,80070-10962
652260,652260
2492,2492
13066,13066
20122,20122
13306,13306
Z-100,Z-100
10188,10188
100240,100240
70181,70181
80070-S FILE,80070-S FILE
387 B,387 B
900106,900106
10813 B,10813 B
1693a,1693a
3878,3878
90010-6472,90010-6472
396,396
517,517
1065-2023B,1065-2023B
1065-20238,1065-20238
0387B,0387B
90010-20238,90010-20238
GV-1,GV-1
13266,13266
03264,03264
013813,013813
0851,0851
950,950
1098,1098
1076,1076
453,453
1065-20283,1065-20283
1065K-20238,1065K-20238
1203,1203
8154,8154
1259-B-0291,1259-B-0291
1704,1704
701,701
10054-B,10054-B
940,940
A98,A98
AS 70,AS 70
745-03,745-03
08-7151,08-7151
570-A,570-A
690,690
680,680
N1-B,N1-B
N14-B,N14-B
4544/RCO7528,4544/RCO7528
80072,80072
65048,65048
FML 30,FML 30
EVA,EVA
241-R03258,241-R03258
376-R07248,376-R07248
50-046-B,50-046-B
80-070,80-070
65050,65050
KOSELE,KOSELE
KOS GBK,KOS GBK
E-140,E-140
E-100,E-100
14075-K,14075-K
8752,8752
95083-B,95083-B
55101,55101
75097,75097
775097,775097
6276,6276
212,212
10551-1,10551-1
C-19,C-19
1460,1460
AS 75,AS 75
75102,75102
55117,55117
60065S,60065S
880,880
1693,1693
75156,75156
10101,10101
LUİSA 90,LUİSA 90
CAROL,CAROL
SOFİA 110,SOFİA 110
ROBERTA 60,ROBERTA 60
ROBERTO 60,ROBERTO 60
515,515
019A,019A
80070B-1092,80070B-1092
20195,20195
206554,206554
10813-409,10813-409
90010B-20238,90010B-20238
AS 7712-G,AS 7712-G
04687,04687
55102,55102
7712 GR,7712 GR
AS-83,AS-83
2017,2017
7712,7712
12455-410,12455-410
70181 B,70181 B
60305,60305
14258,14258
80,80
701968,701968
451358,451358
013874,013874
10889,10889
423,423
GV-01,GV-01
11811 B,11811 B
1065 B,1065 B
0434,0434
R-171,R-171
R-434,R-434
326  KREP,326  KREP
45135 B,45135 B
70204,70204
12455-238,12455-238
70208,70208
2483-01,2483-01
14027,14027
17-RG,17-RG
173,173
12011,12011
20312,20312
9756,9756
9761,9761
207A,207A
14056,14056
J2007A,J2007A
80070-BOYA,80070-BOYA
90-230,90-230
8A656,8A656
14664A,14664A
019-6395,019-6395
019-1487,019-1487
7081,7081
90398,90398
90320 A,90320 A
90132 KOŞELİ,90132 KOŞELİ
1065-14926,1065-14926
9643,9643
4401,4401
1718,1718
SL13200,SL13200
İTAL,İTAL
216197,216197
3701,3701
118,118
95230,95230
21967,21967
202136,202136
75327,75327
90938,90938
20631,20631
J2007A-860,J2007A-860
G471,G471
2271A,2271A
2006,2006
2271,2271
179,179
35156-407,35156-407
90398-6078,90398-6078
12455-PL,12455-PL
10587-PL,10587-PL
440-90138,440-90138
N15-6187,N15-6187
20239-6078,20239-6078
90398-6057,90398-6057
019 ys,019 ys
10587-RL,10587-RL
2007,2007
80070-102,80070-102
90415-6472,90415-6472
10813-BOYALI,10813-BOYALI
05-2,05-2
05-1,05-1
96529,96529
05-EVA,05-EVA
70146,70146
N-13,N-13
70181B,70181B
2158,2158
215B,215B
90010--6472,90010--6472
050,050
110025-055,110025-055
6237,6237
14327,14327
N15-6147,N15-6147
85421,85421
9523,9523
RG-6174,RG-6174
13163,13163
66-ZC,66-ZC
013138,013138
6389,6389
14291,14291
3966,3966
013163,013163
44250,44250
05 EVA,05 EVA
85421 B,85421 B
179-N23,179-N23
10129-70101,10129-70101
179-N-23,179-N-23
13813,13813
6147-N15,6147-N15
014290,014290
55217,55217
AS 72 BEYAZ,AS 72 BEYAZ
AS 71 BEYAZ,AS 71 BEYAZ
AS 71 SIYAH,AS 71 SIYAH
AS 73,AS 73
AS 72 SIYAH,AS 72 SIYAH
AS 71,AS 71
AS 72 BEJ,AS 72 BEJ
7501,7501
1156,1156
AS 71 BEJ,AS 71 BEJ
8343,8343
R04243,R04243
AS 74,AS 74
RC04309,RC04309
90010-K,90010-K
1624-K,1624-K
900010-K,900010-K
1642-k,1642-k
2094,2094
21-R7638,21-R7638
077,077
1065-KL,1065-KL
95083,95083
081-1,081-1
60065,60065
10108,10108
45029K,45029K
N-16,N-16
N-021,N-021
0839,0839
80093,80093
10636,10636
1460-3,1460-3
10631,10631
7831,7831
10552,10552
105156,105156
75-102,75-102
486,486
95117,95117
494,494
102-86,102-86
1275,1275
234,234
90138-D,90138-D
11748,11748
11747,11747
171,171
80070-1092-1989,80070-1092-1989
ZC-75,ZC-75
14246,14246
021-N15,021-N15
60165 B,60165 B
80-291,80-291
405,405
8382,8382
70101,70101
55223,55223
80295,80295
1065-590,1065-590
1065--590,1065--590
N238,N238
N 15,N 15
N 15-6363,N 15-6363
J 2007 B,J 2007 B
4290,4290
2110,2110
ZG-66,ZG-66
1801,1801
13165-3,13165-3
1204,1204
YEMİ,YEMİ
YENI,YENI
GP1PLT,GP1PLT
70260,70260
52-53,52-53
PKRS 44,PKRS 44
1164,1164
FESTA,FESTA
08 EVA,08 EVA
11630,11630
11630BG.KÖŞEL,11630BG.KÖŞEL
13160,13160
14579,14579
11630B.KÖŞEL,11630B.KÖŞEL
PKRES 44,PKRES 44
80070-GÜMÜS,80070-GÜMÜS
02-2739,02-2739
903998,903998
14560,14560
SPOR,SPOR
11630B.KÖŞE,11630B.KÖŞE
9793,9793
20705,20705
20754,20754
065,065
13161,13161
20310,20310
9309,9309
065-6472,065-6472
PKRS-44,PKRS-44
85431,85431
LOİE-OOJC,LOİE-OOJC
85431-497,85431-497
85421-497,85421-497
953588,953588
90483,90483
ZC-2210,ZC-2210
ZC-111,ZC-111
0012455,0012455
7030,7030
25249 B,25249 B
02248,02248
351,351
03936,03936
349,349
349-G3,349-G3
13160-161,13160-161
75-417B,75-417B
TERMO,TERMO
7172,7172
80346,80346
65-341 B,65-341 B
6288,6288
ZC-218,ZC-218
1062,1062
70-2888,70-2888
ZC-251,ZC-251
1065 YENİ ÖKÇE,1065 YENİ ÖKÇE
107,107
ZC-30,ZC-30
70181 K,70181 K
103 EVA,103 EVA
12455-467,12455-467
1065-1340,1065-1340
701801,701801
1453 RENKLI,1453 RENKLI
1631,1631
15015,15015
ZC-2253,ZC-2253
14290,14290
ZC-31,ZC-31
2376,2376
BASE 2518,BASE 2518
BASE 03,BASE 03
11630B,11630B
12806,12806
2020 EVA,2020 EVA
222,222
038,038
698,698
1427,1427
971,971
918,918
85270-356,85270-356
TERMO LİGHT,TERMO LİGHT
TERMO+EVA,TERMO+EVA
1427 A,1427 A
75455,75455
ZC-2296,ZC-2296
1427-A,1427-A
26321,26321
08,08
24,24
1437,1437
1035-6472,1035-6472
524,524
12808,12808
65201,65201
236289,236289
2160,2160
ZC-6122,ZC-6122
ZC-233,ZC-233
E-1 BEJ,E-1 BEJ
75447 D,75447 D
11630-8079,11630-8079
85150-5553,85150-5553
6274,6274
ZC-6389,ZC-6389
1112 EVA,1112 EVA
6493-B,6493-B
N4-B,N4-B
B95023,B95023
21 R 7638,21 R 7638
6280 R 6621,6280 R 6621
08 R 7151,08 R 7151
21 R 6011,21 R 6011
376,376
35070,35070
07831,07831
0027314,0027314
C-047925,C-047925
12598,12598
500581,500581
839B,839B
1061-DS,1061-DS
N23,N23
85173,85173
55-127,55-127
23638,23638
N-18,N-18
011148,011148
11148,11148
011219,011219
110082B,110082B
ök 680,ök 680
75128,75128
7585,7585
17,17
1712-393,1712-393
25084,25084
110087,110087
100-176-B,100-176-B
98566,98566
1065-7462,1065-7462
75214,75214
N-23-179,N-23-179
65193,65193
2962,2962
FML 84 BEJ,FML 84 BEJ
01 OKÇELI,01 OKÇELI
112,112
114,114
515-VOLVO,515-VOLVO
6122,6122
223,223
ZC-2340,ZC-2340
ZC-0357,ZC-0357
15192,15192
10014,10014
NAPOLI,NAPOLI
03 POLI,03 POLI
100018,100018
E110,E110
2225,2225
20548,20548
2253,2253
02243,02243
55382,55382
954238,954238
1523,1523
5189,5189
12B,12B
2243,2243
2210,2210
15273,15273
3077,3077
12 B,12 B
10303 B,10303 B
1303 B,1303 B
ZC-2225,ZC-2225
ZC-2243,ZC-2243
03672,03672
ZC-03672,ZC-03672
55414,55414
ZC-13192,ZC-13192
1303B,1303B
112 K.PEMBE,112 K.PEMBE
104 pembe,104 pembe
23637,23637
13183,13183
4596,4596
4013,4013
4796,4796
4595,4595
5028-601,5028-601
01-OKCELI,01-OKCELI
01-6611,01-6611
J-4789,J-4789
13192,13192
165,165
754,754
751,751
86,86
214,214
KAPLAMA,KAPLAMA
1303,1303
10695,10695
65193-Ç505870,65193-Ç505870
824,824
02986,02986
109,109
1351,1351
100342-4206,100342-4206
PL362SG,PL362SG
P65193-C505870,P65193-C505870
65193-C505870,65193-C505870
2023-05,2023-05
1429*0,1429*0
12455-533,12455-533
15531,15531
4604,4604
6166,6166
FML 006,FML 006
796,796
23738,23738
112-MOSTRA 967,112-MOSTRA 967
4998,4998
286,286
1531,1531
4876,4876
20252,20252
121,121
5297,5297
302-ÇELİK,302-ÇELİK
fml2023-05,fml2023-05
ELF01,ELF01
FML-006,FML-006
ELF002,ELF002
01 ökçeli,01 ökçeli
01-ökçeli,01-ökçeli
FML-2023-05,FML-2023-05
10163,10163
FML-006 vardola,FML-006 vardola
40048,40048
2485,2485
124,124
ELF001,ELF001
002,002
1065-64,1065-64
PL247,PL247
96967B,96967B
85630,85630
24586,24586
fml2023-05eva,fml2023-05eva
124 yeşil,124 yeşil
9217,9217
1743,1743
97151,97151
281,281
444,444
9245,9245
ZC-24325,ZC-24325
V-24,V-24
10163 BİSKUVİ,10163 BİSKUVİ
65461,65461
80421,80421
4101,4101
00 JCA,00 JCA
15714,15714
219-4099,219-4099
PKRS-21,PKRS-21
04498,04498
CASADEI,CASADEI
13193,13193
04290,04290
fml eva 2023-05,fml eva 2023-05
fml eva2023-05,fml eva2023-05
15972,15972
015956,015956
351-R,351-R
9820,9820
GENCO3,GENCO3
06A,06A
029,029
KENDİ RENGİ,KENDİ RENGİ
2020EVA,2020EVA
694,694
57005,57005
55002,55002
65097,65097
870,870
18605,18605
F.LUİSA 90,F.LUİSA 90
1660,1660
F.LUİSA-90,F.LUİSA-90
SHİADA 60,SHİADA 60
95184-1453-A13,95184-1453-A13
45076-040,45076-040
J1993,J1993
9732,9732
9642,9642
1427A,1427A
57004,57004
53007,53007
0345,0345
ZC-1123,ZC-1123
15900,15900
15920,15920
2120,2120
1500,1500
3822,3822
4456,4456
2507,2507
20769,20769
2325,2325
57021,57021
806-5,806-5
16014,16014
15396,15396
9217-1,9217-1
4434,4434
2402,2402
545456453,545456453
2569,2569
8185,8185
509,509
1284-1,1284-1
1284,1284
FS75,FS75
KÖSELE,KÖSELE
667,667
10813 finisaj,10813 finisaj
434,434
0351,0351
01383,01383
44-RG,44-RG
553,553
0515,0515
70181K,70181K
6363-N15-A13,6363-N15-A13
N-16-6356-A13,N-16-6356-A13
1588,1588
10813-finisajl,10813-finisajl
12455PL,12455PL
10813-392,10813-392
14577,14577
14514,14514
J-4998,J-4998
J-4609,J-4609
7073,7073
ZC-581,ZC-581
9760,9760
10361,10361
22,22
104  PEMBE,104  PEMBE
112 K PEMBE,112 K PEMBE
2467,2467
75118-396,75118-396
KAPLAMA 68,KAPLAMA 68
KAPLAMA 71,KAPLAMA 71
KAPLAMA 66,KAPLAMA 66
KAPLAMA 72,KAPLAMA 72
KAPLAMA 69,KAPLAMA 69
KAPLAMA 70,KAPLAMA 70
KAPLAMA 73,KAPLAMA 73
413,413
471,471
40196,40196
293525,293525
ZC-1122,ZC-1122
4789,4789
158,158
G-1,G-1
